INSERT INTO billybangdb.providers (provider_id, credit_level, employee_count, established_at, financial_tier, img_url, industry_detail, provider_name, provider_size, provider_type, representative_name) VALUES (1, '최상', 3396, '1954-04-01 00:00:00.000000', 1, 'https://cdn.banksalad.com/cdn-cgi/image/width=96,metadata=none,format=webp/https://cdn.banksalad.com/graphic/color/logo/circle/kdb.png', '개발 금융기관', 'KDB산업은행', '기타', '공공기관', '이동걸');
INSERT INTO billybangdb.providers (provider_id, credit_level, employee_count, established_at, financial_tier, img_url, industry_detail, provider_name, provider_size, provider_type, representative_name) VALUES (2, '최상', 3571, '1929-07-01 00:00:00.000000', 1, 'https://cdn.banksalad.com/cdn-cgi/image/width=96,metadata=none,format=webp/https://cdn.banksalad.com/graphic/color/logo/circle/sc.png', '국내은행', 'SC제일은행', '대기업', '외감', '박종복');
INSERT INTO billybangdb.providers (provider_id, credit_level, employee_count, established_at, financial_tier, img_url, industry_detail, provider_name, provider_size, provider_type, representative_name) VALUES (3, '최상', 3071, '1967-10-07 00:00:00.000000', 1, 'https://cdn.banksalad.com/cdn-cgi/image/width=96,metadata=none,format=webp/https://cdn.banksalad.com/graphic/color/logo/circle/imbank.png', '국내은행', 'iM뱅크', '대기업', '외감', '황병우');
INSERT INTO billybangdb.providers (provider_id, credit_level, employee_count, established_at, financial_tier, img_url, industry_detail, provider_name, provider_size, provider_type, representative_name) VALUES (4, '최상', 2264, '2014-05-08 00:00:00.000000', 1, 'https://cdn.banksalad.com/cdn-cgi/image/width=96,metadata=none,format=webp/https://cdn.banksalad.com/graphic/color/logo/circle/bnk-kyongnam.png', '국내은행', '경남은행', '대기업', '외감', '예경탁');
INSERT INTO billybangdb.providers (provider_id, credit_level, employee_count, established_at, financial_tier, img_url, industry_detail, provider_name, provider_size, provider_type, representative_name) VALUES (5, '최상', 1595, '2014-05-08 00:00:00.000000', 1, 'https://cdn.banksalad.com/cdn-cgi/image/width=96,metadata=none,format=webp/https://cdn.banksalad.com/graphic/color/logo/circle/knj.png', '국내은행', '광주은행', '대기업', '외감', '고병일');
INSERT INTO billybangdb.providers (provider_id, credit_level, employee_count, established_at, financial_tier, img_url, industry_detail, provider_name, provider_size, provider_type, representative_name) VALUES (6, '최상', 15964, '2001-11-01 00:00:00.000000', 1, 'https://cdn.banksalad.com/cdn-cgi/image/width=96,metadata=none,format=webp/https://cdn.banksalad.com/graphic/color/logo/circle/kb.png', '국내은행', '국민은행', '대기업', '외감', '이재근');
INSERT INTO billybangdb.providers (provider_id, credit_level, employee_count, established_at, financial_tier, img_url, industry_detail, provider_name, provider_size, provider_type, representative_name) VALUES (7, '최상', 13136, '1961-07-25 00:00:00.000000', 1, 'https://cdn.banksalad.com/cdn-cgi/image/width=96,metadata=none,format=webp/https://cdn.banksalad.com/graphic/color/logo/circle/ibk.png', '국내은행', '기업은행', '기타', '코스피', '김성태');
INSERT INTO billybangdb.providers (provider_id, credit_level, employee_count, established_at, financial_tier, img_url, industry_detail, provider_name, provider_size, provider_type, representative_name) VALUES (8, '최상', 16143, '2012-03-02 00:00:00.000000', 1, 'https://cdn.banksalad.com/cdn-cgi/image/width=96,metadata=none,format=webp/https://cdn.banksalad.com/graphic/color/logo/circle/nh.png', '국내은행', '농협은행', '대기업', '외감', '이석용');
INSERT INTO billybangdb.providers (provider_id, credit_level, employee_count, established_at, financial_tier, img_url, industry_detail, provider_name, provider_size, provider_type, representative_name) VALUES (9, '최상', 2967, '1967-10-10 00:00:00.000000', 1, 'https://cdn.banksalad.com/cdn-cgi/image/width=96,metadata=none,format=webp/https://cdn.banksalad.com/graphic/color/logo/circle/bnk.png', '국내은행', '부산은행', '대기업', '외감', '방성빈');
INSERT INTO billybangdb.providers (provider_id, credit_level, employee_count, established_at, financial_tier, img_url, industry_detail, provider_name, provider_size, provider_type, representative_name) VALUES (10, '최상', 12932, '1897-02-19 00:00:00.000000', 1, 'https://cdn.banksalad.com/cdn-cgi/image/width=96,metadata=none,format=webp/https://cdn.banksalad.com/graphic/color/logo/circle/shinhan.png', '국내은행', '신한은행', '대기업', '외감', '정상혁');
INSERT INTO billybangdb.providers (provider_id, credit_level, employee_count, established_at, financial_tier, img_url, industry_detail, provider_name, provider_size, provider_type, representative_name) VALUES (11, '최상', 1824, '1981-09-19 00:00:00.000000', 1, 'https://cdn.banksalad.com/cdn-cgi/image/width=96,metadata=none,format=webp/https://cdn.banksalad.com/graphic/color/logo/circle/citi.png', '국내은행', '씨티은행', '대기업', '외감', '유명순');
INSERT INTO billybangdb.providers (provider_id, credit_level, employee_count, established_at, financial_tier, img_url, industry_detail, provider_name, provider_size, provider_type, representative_name) VALUES (12, '최상', 13343, '1899-01-30 00:00:00.000000', 1, 'https://cdn.banksalad.com/cdn-cgi/image/width=96,metadata=none,format=webp/https://cdn.banksalad.com/graphic/color/logo/circle/woori.png', '국내은행', '우리은행', '대기업', '외감', '조병규');
INSERT INTO billybangdb.providers (provider_id, credit_level, employee_count, established_at, financial_tier, img_url, industry_detail, provider_name, provider_size, provider_type, representative_name) VALUES (13, '최상', 1219, '1969-12-10 00:00:00.000000', 1, 'https://cdn.banksalad.com/cdn-cgi/image/width=96,metadata=none,format=webp/https://cdn.banksalad.com/graphic/color/logo/circle/knj.png', '국내은행', '전북은행', '대기업', '외감', '백종일');
INSERT INTO billybangdb.providers (provider_id, credit_level, employee_count, established_at, financial_tier, img_url, industry_detail, provider_name, provider_size, provider_type, representative_name) VALUES (14, '최상', 442, '1969-09-19 00:00:00.000000', 1, 'https://cdn.banksalad.com/cdn-cgi/image/width=96,metadata=none,format=webp/https://cdn.banksalad.com/graphic/color/logo/circle/shinhan.png', '국내은행', '제주은행', '대기업', '코스피', '박우혁');
INSERT INTO billybangdb.providers (provider_id, credit_level, employee_count, established_at, financial_tier, img_url, industry_detail, provider_name, provider_size, provider_type, representative_name) VALUES (15, '최상', 1526, '2016-01-22 00:00:00.000000', 1, 'https://cdn.banksalad.com/cdn-cgi/image/width=96,metadata=none,format=webp/https://cdn.banksalad.com/graphic/color/logo/circle/kakaobank.png', '국내은행', '카카오뱅크', '대기업', '코스피', '윤호영');
INSERT INTO billybangdb.providers (provider_id, credit_level, employee_count, established_at, financial_tier, img_url, industry_detail, provider_name, provider_size, provider_type, representative_name) VALUES (16, '양호', 543, '2016-01-07 00:00:00.000000', 1, 'https://cdn.banksalad.com/cdn-cgi/image/width=96,metadata=none,format=webp/https://cdn.banksalad.com/graphic/color/logo/circle/kbank.png', '국내은행', '케이뱅크', '대기업', '외감', '최우형');
INSERT INTO billybangdb.providers (provider_id, credit_level, employee_count, established_at, financial_tier, img_url, industry_detail, provider_name, provider_size, provider_type, representative_name) VALUES (17, '양호', 533, '2020-01-31 00:00:00.000000', 1, 'https://cdn.banksalad.com/cdn-cgi/image/width=96,metadata=none,format=webp/https://cdn.banksalad.com/graphic/color/logo/circle/toss.png', '국내은행', '토스뱅크', '중소기업', '외감', '홍민택');
INSERT INTO billybangdb.providers (provider_id, credit_level, employee_count, established_at, financial_tier, img_url, industry_detail, provider_name, provider_size, provider_type, representative_name) VALUES (18, '최상', 11479, '1967-01-30 00:00:00.000000', 1, 'https://cdn.banksalad.com/cdn-cgi/image/width=96,metadata=none,format=webp/https://cdn.banksalad.com/graphic/color/logo/circle/keb.png', '국내은행', '하나은행', '대기업', '외감', '이승열');
INSERT INTO billybangdb.providers (provider_id, credit_level, employee_count, established_at, financial_tier, img_url, industry_detail, provider_name, provider_size, provider_type, representative_name) VALUES (19, '우수', 142, '2011-12-13 00:00:00.000000', 2, 'https://cdn.banksalad.com/cdn-cgi/image/width=96,metadata=none,format=webp/https://cdn.banksalad.com/graphic/color/logo/circle/bnk.png', '상호 저축은행 및 기타 저축기관', 'BNK저축은행', '대기업', '외감', '명형국');
INSERT INTO billybangdb.providers (provider_id, credit_level, employee_count, established_at, financial_tier, img_url, industry_detail, provider_name, provider_size, provider_type, representative_name) VALUES (20, '우수', 160, '1972-11-01 00:00:00.000000', 2, 'https://cdn.banksalad.com/cdn-cgi/image/width=96,metadata=none,format=webp/https://cdn.banksalad.com/graphic/color/logo/circle/db.png', '상호 저축은행 및 기타 저축기관', 'DB저축은행', '대기업', '외감', '윤재인');
INSERT INTO billybangdb.providers (provider_id, credit_level, employee_count, established_at, financial_tier, img_url, industry_detail, provider_name, provider_size, provider_type, representative_name) VALUES (21, '최상', 84, '1978-10-21 00:00:00.000000', 2, 'https://cdn.banksalad.com/cdn-cgi/image/width=96,metadata=none,format=webp/https://cdn.banksalad.com/graphic/color/logo/circle/hb.png', '상호 저축은행 및 기타 저축기관', 'HB저축은행', '중소기업', '외감', '주성범');
INSERT INTO billybangdb.providers (provider_id, credit_level, employee_count, established_at, financial_tier, img_url, industry_detail, provider_name, provider_size, provider_type, representative_name) VALUES (22, '우수', 162, '2011-10-11 00:00:00.000000', 2, 'https://cdn.banksalad.com/cdn-cgi/image/width=96,metadata=none,format=webp/https://cdn.banksalad.com/graphic/color/logo/circle/ibk.png', '상호 저축은행 및 기타 저축기관', 'IBK저축은행', '중소기업', '외감', '서정학');
INSERT INTO billybangdb.providers (provider_id, credit_level, employee_count, established_at, financial_tier, img_url, industry_detail, provider_name, provider_size, provider_type, representative_name) VALUES (23, '양호', 173, '2006-12-28 00:00:00.000000', 2, 'https://cdn.banksalad.com/cdn-cgi/image/width=96,metadata=none,format=webp/https://cdn.banksalad.com/graphic/color/logo/circle/jtbank.png', '상호 저축은행 및 기타 저축기관', 'JT저축은행', '대기업', '외감', '최성욱');
INSERT INTO billybangdb.providers (provider_id, credit_level, employee_count, established_at, financial_tier, img_url, industry_detail, provider_name, provider_size, provider_type, representative_name) VALUES (24, '양호', 387, '2012-08-13 00:00:00.000000', 2, 'https://cdn.banksalad.com/cdn-cgi/image/width=96,metadata=none,format=webp/https://cdn.banksalad.com/graphic/color/logo/circle/jt.png', '상호 저축은행 및 기타 저축기관', 'JT친애저축은행', '중소기업', '외감', '최성욱');
INSERT INTO billybangdb.providers (provider_id, credit_level, employee_count, established_at, financial_tier, img_url, industry_detail, provider_name, provider_size, provider_type, representative_name) VALUES (25, '우수', 179, '2012-01-02 00:00:00.000000', 2, 'https://cdn.banksalad.com/cdn-cgi/image/width=96,metadata=none,format=webp/https://cdn.banksalad.com/graphic/color/logo/circle/kb-savings.png', '상호 저축은행 및 기타 저축기관', 'KB저축은행', '대기업', '외감', '서혜자');
INSERT INTO billybangdb.providers (provider_id, credit_level, employee_count, established_at, financial_tier, img_url, industry_detail, provider_name, provider_size, provider_type, representative_name) VALUES (26, '최상', 65, '1972-04-19 00:00:00.000000', 2, 'https://cdn.banksalad.com/cdn-cgi/image/width=96,metadata=none,format=webp/https://cdn.banksalad.com/graphic/color/logo/circle/ms.png', '상호 저축은행 및 기타 저축기관', 'MS저축은행', '중소기업', '외감', '이유종');
INSERT INTO billybangdb.providers (provider_id, credit_level, employee_count, established_at, financial_tier, img_url, industry_detail, provider_name, provider_size, provider_type, representative_name) VALUES (27, '우수', 148, '2011-03-03 00:00:00.000000', 2, 'https://cdn.banksalad.com/cdn-cgi/image/width=96,metadata=none,format=webp/https://cdn.banksalad.com/graphic/color/logo/circle/nh.png', '상호 저축은행 및 기타 저축기관', 'NH저축은행', '대기업', '외감', '오세윤');
INSERT INTO billybangdb.providers (provider_id, credit_level, employee_count, established_at, financial_tier, img_url, industry_detail, provider_name, provider_size, provider_type, representative_name) VALUES (28, '양호', 266, '1972-03-07 00:00:00.000000', 2, 'https://cdn.banksalad.com/cdn-cgi/image/width=96,metadata=none,format=webp/https://cdn.banksalad.com/graphic/color/logo/circle/osb.png', '상호 저축은행 및 기타 저축기관', 'OSB저축은행', '대기업', '외감', '킷스맥스샤켓');
INSERT INTO billybangdb.providers (provider_id, credit_level, employee_count, established_at, financial_tier, img_url, industry_detail, provider_name, provider_size, provider_type, representative_name) VALUES (29, '우수', 636, '1971-10-20 00:00:00.000000', 2, 'https://cdn.banksalad.com/cdn-cgi/image/width=96,metadata=none,format=webp/https://cdn.banksalad.com/graphic/color/logo/circle/sbi.png', '상호 저축은행 및 기타 저축기관', 'SBI저축은행', '대기업', '외감', '김문석');
INSERT INTO billybangdb.providers (provider_id, credit_level, employee_count, established_at, financial_tier, img_url, industry_detail, provider_name, provider_size, provider_type, representative_name) VALUES (30, '우수', 158, '1971-05-15 00:00:00.000000', 2, 'https://cdn.banksalad.com/cdn-cgi/image/width=96,metadata=none,format=webp/https://cdn.banksalad.com/graphic/color/logo/circle/heungkuk.png', '신용조합', '고려저축은행', '대기업', '외감', '김유주');
INSERT INTO billybangdb.providers (provider_id, credit_level, employee_count, established_at, financial_tier, img_url, industry_detail, provider_name, provider_size, provider_type, representative_name) VALUES (31, '최상', 31, '1982-12-29 00:00:00.000000', 2, 'https://cdn.banksalad.com/cdn-cgi/image/width=96,metadata=none,format=webp/https://cdn.banksalad.com/graphic/color/logo/circle/namyang.png', '상호 저축은행 및 기타 저축기관', '남양저축은행', '대기업', '외감', '이 상 명');
INSERT INTO billybangdb.providers (provider_id, credit_level, employee_count, established_at, financial_tier, img_url, industry_detail, provider_name, provider_size, provider_type, representative_name) VALUES (32, '양호', 334, '1972-05-15 00:00:00.000000', 2, 'https://cdn.banksalad.com/cdn-cgi/image/width=96,metadata=none,format=webp/https://cdn.banksalad.com/graphic/color/logo/circle/daol.png', '상호 저축은행 및 기타 저축기관', '다올저축은행', '대기업', '외감', '김정수');
INSERT INTO billybangdb.providers (provider_id, credit_level, employee_count, established_at, financial_tier, img_url, industry_detail, provider_name, provider_size, provider_type, representative_name) VALUES (33, '우수', 191, '2011-08-05 00:00:00.000000', 2, 'https://cdn.banksalad.com/cdn-cgi/image/width=96,metadata=none,format=webp/https://cdn.banksalad.com/graphic/color/logo/circle/daeshin.png', '상호 저축은행 및 기타 저축기관', '대신저축은행', '대기업', '외감', '노명문');
INSERT INTO billybangdb.providers (provider_id, credit_level, employee_count, established_at, financial_tier, img_url, industry_detail, provider_name, provider_size, provider_type, representative_name) VALUES (34, '양호', 77, '1972-11-28 00:00:00.000000', 2, 'https://cdn.banksalad.com/cdn-cgi/image/width=96,metadata=none,format=webp/https://cdn.banksalad.com/graphic/color/logo/circle/thek.png', '상호 저축은행 및 기타 저축기관', '더케이저축은행', '중소기업', '외감', '가선노');
INSERT INTO billybangdb.providers (provider_id, credit_level, employee_count, established_at, financial_tier, img_url, industry_detail, provider_name, provider_size, provider_type, representative_name) VALUES (35, '최상', 66, '1982-12-17 00:00:00.000000', 2, 'https://cdn.banksalad.com/cdn-cgi/image/width=96,metadata=none,format=webp/https://cdn.banksalad.com/graphic/color/logo/circle/dongwon.png', '상호 저축은행 및 기타 저축기관', '동원제일저축은행', '중소기업', '외감', '권경진');
INSERT INTO billybangdb.providers (provider_id, credit_level, employee_count, established_at, financial_tier, img_url, industry_detail, provider_name, provider_size, provider_type, representative_name) VALUES (36, '최상', 13, '1983-05-26 00:00:00.000000', 2, 'https://cdn.banksalad.com/cdn-cgi/image/width=96,metadata=none,format=webp/https://cdn.banksalad.com/graphic/color/logo/circle/mustsamil.png', '상호 저축은행 및 기타 저축기관', '머스트삼일저축은행', '중소기업', '외감', '김홍천');
INSERT INTO billybangdb.providers (provider_id, credit_level, employee_count, established_at, financial_tier, img_url, industry_detail, provider_name, provider_size, provider_type, representative_name) VALUES (37, '양호', 248, '1971-11-10 00:00:00.000000', 2, 'https://cdn.banksalad.com/cdn-cgi/image/width=96,metadata=none,format=webp/https://cdn.banksalad.com/graphic/color/logo/circle/moa.png', '상호 저축은행 및 기타 저축기관', '모아저축은행', '대기업', '외감', '김상고,김성도');
INSERT INTO billybangdb.providers (provider_id, credit_level, employee_count, established_at, financial_tier, img_url, industry_detail, provider_name, provider_size, provider_type, representative_name) VALUES (38, '우수', 62, '2009-03-19 00:00:00.000000', 2, 'https://cdn.banksalad.com/cdn-cgi/image/width=96,metadata=none,format=webp/https://cdn.banksalad.com/graphic/color/logo/circle/samho.png', '상호 저축은행 및 기타 저축기관', '삼호저축은행', '중소기업', '외감', '이규완');
INSERT INTO billybangdb.providers (provider_id, credit_level, employee_count, established_at, financial_tier, img_url, industry_detail, provider_name, provider_size, provider_type, representative_name) VALUES (39, '최상', 161, '1972-10-30 00:00:00.000000', 2, 'https://cdn.banksalad.com/cdn-cgi/image/width=96,metadata=none,format=webp/https://cdn.banksalad.com/graphic/color/logo/circle/sangsangin.png', '상호 저축은행 및 기타 저축기관', '상상인저축은행', '대기업', '외감', '이재옥');
INSERT INTO billybangdb.providers (provider_id, credit_level, employee_count, established_at, financial_tier, img_url, industry_detail, provider_name, provider_size, provider_type, representative_name) VALUES (40, '최상', 81, '1972-12-29 00:00:00.000000', 2, 'https://cdn.banksalad.com/cdn-cgi/image/width=96,metadata=none,format=webp/https://cdn.banksalad.com/graphic/color/logo/circle/sangsanginplus.png', '상호 저축은행 및 기타 저축기관', '상상인플러스저축은행', '중소기업', '외감', '이인섭');
INSERT INTO billybangdb.providers (provider_id, credit_level, employee_count, established_at, financial_tier, img_url, industry_detail, provider_name, provider_size, provider_type, representative_name) VALUES (41, '우수', 98, '1983-05-01 00:00:00.000000', 2, 'https://cdn.banksalad.com/cdn-cgi/image/width=96,metadata=none,format=webp/https://cdn.banksalad.com/graphic/color/logo/circle/seram.png', '상호 저축은행 및 기타 저축기관', '세람저축은행', '대기업', '외감', '신승식');
INSERT INTO billybangdb.providers (provider_id, credit_level, employee_count, established_at, financial_tier, img_url, industry_detail, provider_name, provider_size, provider_type, representative_name) VALUES (42, '양호', 151, '1972-10-26 00:00:00.000000', 2, 'https://cdn.banksalad.com/cdn-cgi/image/width=96,metadata=none,format=webp/https://cdn.banksalad.com/graphic/color/logo/circle/smartbank.png', '상호 저축은행 및 기타 저축기관', '스마트저축은행', '대기업', '외감', '조성윤');
INSERT INTO billybangdb.providers (provider_id, credit_level, employee_count, established_at, financial_tier, img_url, industry_detail, provider_name, provider_size, provider_type, representative_name) VALUES (43, '우수', 27, '1970-04-24 00:00:00.000000', 2, 'https://cdn.banksalad.com/cdn-cgi/image/width=96,metadata=none,format=webp/https://cdn.banksalad.com/graphic/color/logo/circle/star.png', '신용조합', '스타저축은행', '중소기업', '외감', '양순종');
INSERT INTO billybangdb.providers (provider_id, credit_level, employee_count, established_at, financial_tier, img_url, industry_detail, provider_name, provider_size, provider_type, representative_name) VALUES (44, '우수', 208, '2012-11-06 00:00:00.000000', 2, 'https://cdn.banksalad.com/cdn-cgi/image/width=96,metadata=none,format=webp/https://cdn.banksalad.com/graphic/color/logo/circle/shinhan.png', '상호 저축은행 및 기타 저축기관', '신한저축은행', '대기업', '외감', '이희수');
INSERT INTO billybangdb.providers (provider_id, credit_level, employee_count, established_at, financial_tier, img_url, industry_detail, provider_name, provider_size, provider_type, representative_name) VALUES (45, '양호', 394, '1972-02-03 00:00:00.000000', 2, 'https://cdn.banksalad.com/cdn-cgi/image/width=96,metadata=none,format=webp/https://cdn.banksalad.com/graphic/color/logo/circle/acuon.png', '상호 저축은행 및 기타 저축기관', '애큐온저축은행', '대기업', '외감', '김정수 ');
INSERT INTO billybangdb.providers (provider_id, credit_level, employee_count, established_at, financial_tier, img_url, industry_detail, provider_name, provider_size, provider_type, representative_name) VALUES (46, '양호', 166, '2005-05-04 00:00:00.000000', 2, 'https://cdn.banksalad.com/cdn-cgi/image/width=96,metadata=none,format=webp/https://cdn.banksalad.com/graphic/color/logo/circle/heungkuk.png', '신용조합', '예가람저축은행', '대기업', '외감', '이은우');
INSERT INTO billybangdb.providers (provider_id, credit_level, employee_count, established_at, financial_tier, img_url, industry_detail, provider_name, provider_size, provider_type, representative_name) VALUES (47, '우수', 150, '1972-12-31 00:00:00.000000', 2, 'https://cdn.banksalad.com/cdn-cgi/image/width=96,metadata=none,format=webp/https://cdn.banksalad.com/graphic/color/logo/circle/woori.png', '상호 저축은행 및 기타 저축기관', '우리금융저축은행', '대기업', '외감', '전상욱');
INSERT INTO billybangdb.providers (provider_id, credit_level, employee_count, established_at, financial_tier, img_url, industry_detail, provider_name, provider_size, provider_type, representative_name) VALUES (48, '양호', 681, '2013-02-18 00:00:00.000000', 2, 'https://cdn.banksalad.com/cdn-cgi/image/width=96,metadata=none,format=webp/https://cdn.banksalad.com/graphic/color/logo/circle/welcome.png', '상호 저축은행 및 기타 저축기관', '웰컴저축은행', '중소기업', '외감', '김대웅');
INSERT INTO billybangdb.providers (provider_id, credit_level, employee_count, established_at, financial_tier, img_url, industry_detail, provider_name, provider_size, provider_type, representative_name) VALUES (49, '최상', 49, '1973-01-13 00:00:00.000000', 2, 'https://cdn.banksalad.com/cdn-cgi/image/width=96,metadata=none,format=webp/https://cdn.banksalad.com/graphic/color/logo/circle/yungchang.png', '상호 저축은행 및 기타 저축기관', '융창저축은행', '중소기업', '외감', '강대영');
INSERT INTO billybangdb.providers (provider_id, credit_level, employee_count, established_at, financial_tier, img_url, industry_detail, provider_name, provider_size, provider_type, representative_name) VALUES (50, '최상', 44, '1971-12-28 00:00:00.000000', 2, 'https://cdn.banksalad.com/cdn-cgi/image/width=96,metadata=none,format=webp/https://cdn.banksalad.com/graphic/color/logo/circle/insung.png', '상호 저축은행 및 기타 저축기관', '인성저축은행', '대기업', '외감', '김춘길');
INSERT INTO billybangdb.providers (provider_id, credit_level, employee_count, established_at, financial_tier, img_url, industry_detail, provider_name, provider_size, provider_type, representative_name) VALUES (51, '최상', 61, '1972-05-05 00:00:00.000000', 2, 'https://cdn.banksalad.com/cdn-cgi/image/width=96,metadata=none,format=webp/https://cdn.banksalad.com/graphic/color/logo/circle/choeun.png', '상호 저축은행 및 기타 저축기관', '조은저축은행', '중소기업', '외감', '전우석');
INSERT INTO billybangdb.providers (provider_id, credit_level, employee_count, established_at, financial_tier, img_url, industry_detail, provider_name, provider_size, provider_type, representative_name) VALUES (52, '우수', 71, '1972-02-14 00:00:00.000000', 2, 'https://cdn.banksalad.com/cdn-cgi/image/width=96,metadata=none,format=webp/https://cdn.banksalad.com/graphic/color/logo/circle/jinju.png', '상호 저축은행 및 기타 저축기관', '진주저축은행', '중소기업', '외감', '박기권');
INSERT INTO billybangdb.providers (provider_id, credit_level, employee_count, established_at, financial_tier, img_url, industry_detail, provider_name, provider_size, provider_type, representative_name) VALUES (53, '최상', 36, '1965-07-02 00:00:00.000000', 2, 'https://cdn.banksalad.com/cdn-cgi/image/width=96,metadata=none,format=webp/https://cdn.banksalad.com/graphic/color/logo/circle/cheongju.png', '상호 저축은행 및 기타 저축기관', '청주저축은행', '중소기업', '외감', '노재기');
INSERT INTO billybangdb.providers (provider_id, credit_level, employee_count, established_at, financial_tier, img_url, industry_detail, provider_name, provider_size, provider_type, representative_name) VALUES (54, '양호', 130, '1971-04-12 00:00:00.000000', 2, 'https://cdn.banksalad.com/cdn-cgi/image/width=96,metadata=none,format=webp/https://cdn.banksalad.com/graphic/color/logo/circle/kiwoomyes.png', '상호 저축은행 및 기타 저축기관', '키움yes저축은행', '대기업', '외감', '허흥범');
INSERT INTO billybangdb.providers (provider_id, credit_level, employee_count, established_at, financial_tier, img_url, industry_detail, provider_name, provider_size, provider_type, representative_name) VALUES (55, '우수', 169, '1983-02-18 00:00:00.000000', 2, 'https://cdn.banksalad.com/cdn-cgi/image/width=96,metadata=none,format=webp/https://cdn.banksalad.com/graphic/color/logo/circle/kiwoombank.png', '상호 저축은행 및 기타 저축기관', '키움저축은행', '대기업', '외감', '허흥범');
INSERT INTO billybangdb.providers (provider_id, credit_level, employee_count, established_at, financial_tier, img_url, industry_detail, provider_name, provider_size, provider_type, representative_name) VALUES (56, '양호', 529, '1982-10-16 00:00:00.000000', 2, 'https://cdn.banksalad.com/cdn-cgi/image/width=96,metadata=none,format=webp/https://cdn.banksalad.com/graphic/color/logo/circle/pepper.png', '상호 저축은행 및 기타 저축기관', '페퍼저축은행', '대기업', '외감', '장매튜하돈');
INSERT INTO billybangdb.providers (provider_id, credit_level, employee_count, established_at, financial_tier, img_url, industry_detail, provider_name, provider_size, provider_type, representative_name) VALUES (57, '우수', 158, '2012-01-25 00:00:00.000000', 2, 'https://cdn.banksalad.com/cdn-cgi/image/width=96,metadata=none,format=webp/https://cdn.banksalad.com/graphic/color/logo/circle/keb.png', '상호 저축은행 및 기타 저축기관', '하나저축은행', '대기업', '외감', '오화경');
INSERT INTO billybangdb.providers (provider_id, credit_level, employee_count, established_at, financial_tier, img_url, industry_detail, provider_name, provider_size, provider_type, representative_name) VALUES (58, '우수', 456, '1982-12-14 00:00:00.000000', 2, 'https://cdn.banksalad.com/cdn-cgi/image/width=96,metadata=none,format=webp/https://cdn.banksalad.com/graphic/color/logo/circle/hankuk.png', '상호 저축은행 및 기타 저축기관', '한국투자저축은행', '대기업', '외감', '전찬우');
INSERT INTO billybangdb.providers (provider_id, credit_level, employee_count, established_at, financial_tier, img_url, industry_detail, provider_name, provider_size, provider_type, representative_name) VALUES (59, '최상', 57, '1997-02-10 00:00:00.000000', 2, 'https://cdn.banksalad.com/cdn-cgi/image/width=96,metadata=none,format=webp/https://cdn.banksalad.com/graphic/color/logo/circle/hansung.png', '상호 저축은행 및 기타 저축기관', '한성저축은행', '중소기업', '외감', '오종민');
INSERT INTO billybangdb.providers (provider_id, credit_level, employee_count, established_at, financial_tier, img_url, industry_detail, provider_name, provider_size, provider_type, representative_name) VALUES (60, '우수', 114, '1997-12-23 00:00:00.000000', 2, 'https://cdn.banksalad.com/cdn-cgi/image/width=96,metadata=none,format=webp/https://cdn.banksalad.com/graphic/color/logo/circle/hanhwa.png', '상호 저축은행 및 기타 저축기관', '한화저축은행', '대기업', '외감', '강성수');
INSERT INTO billybangdb.providers (provider_id, credit_level, employee_count, established_at, financial_tier, img_url, industry_detail, provider_name, provider_size, provider_type, representative_name) VALUES (61, '양호', 39, '1971-09-17 00:00:00.000000', 2, 'https://cdn.banksalad.com/cdn-cgi/image/width=96,metadata=none,format=webp/https://cdn.banksalad.com/graphic/color/logo/circle/stx.png', '상호 저축은행 및 기타 저축기관', '흥국저축은행', '중소기업', '외감', '최병진');

INSERT INTO billybangdb.financial_statements (financial_statement_id, business_profit, net_profit, sales_amount, total_assets, total_capital, total_liabilities, year, provider_id) VALUES (1, 1757698000000, 464981000000, 50359881000000, 312845295000000, 35668373000000, 277176922000000, 2022, 1);
INSERT INTO billybangdb.financial_statements (financial_statement_id, business_profit, net_profit, sales_amount, total_assets, total_capital, total_liabilities, year, provider_id) VALUES (2, 3550156000000, 2461846000000, 33003497000000, 276421900000000, 36502857000000, 239919043000000, 2021, 1);
INSERT INTO billybangdb.financial_statements (financial_statement_id, business_profit, net_profit, sales_amount, total_assets, total_capital, total_liabilities, year, provider_id) VALUES (3, 894512000000, 487530000000, 33084833000000, 251852045000000, 30382530000000, 221469515000000, 2020, 1);
INSERT INTO billybangdb.financial_statements (financial_statement_id, business_profit, net_profit, sales_amount, total_assets, total_capital, total_liabilities, year, provider_id) VALUES (4, 489643000000, 390091000000, 5327628000000, 98391751000000, 5313691000000, 93078060000000, 2022, 2);
INSERT INTO billybangdb.financial_statements (financial_statement_id, business_profit, net_profit, sales_amount, total_assets, total_capital, total_liabilities, year, provider_id) VALUES (5, 145943000000, 127885000000, 8566292000000, 86714300000000, 4954196000000, 81760104000000, 2021, 2);
INSERT INTO billybangdb.financial_statements (financial_statement_id, business_profit, net_profit, sales_amount, total_assets, total_capital, total_liabilities, year, provider_id) VALUES (6, 359356000000, 257102000000, 2584744000000, 83188942000000, 4687688000000, 78501254000000, 2020, 2);
INSERT INTO billybangdb.financial_statements (financial_statement_id, business_profit, net_profit, sales_amount, total_assets, total_capital, total_liabilities, year, provider_id) VALUES (7, 457152000000, 363917000000, 4605645000000, 71446542000000, 4756087000000, 66690455000000, 2023, 3);
INSERT INTO billybangdb.financial_statements (financial_statement_id, business_profit, net_profit, sales_amount, total_assets, total_capital, total_liabilities, year, provider_id) VALUES (8, 495375000000, 387805000000, 4014645000000, 67463605000000, 4829583000000, 62634022000000, 2022, 3);
INSERT INTO billybangdb.financial_statements (financial_statement_id, business_profit, net_profit, sales_amount, total_assets, total_capital, total_liabilities, year, provider_id) VALUES (9, 426949000000, 329985000000, 2574806000000, 64515490000000, 4689512000000, 59825978000000, 2021, 3);
INSERT INTO billybangdb.financial_statements (financial_statement_id, business_profit, net_profit, sales_amount, total_assets, total_capital, total_liabilities, year, provider_id) VALUES (10, 293181000000, 257124000000, 2569585000000, 50933014000000, 3462131000000, 47470883000000, 2023, 4);
INSERT INTO billybangdb.financial_statements (financial_statement_id, business_profit, net_profit, sales_amount, total_assets, total_capital, total_liabilities, year, provider_id) VALUES (11, 371575000000, 279026000000, 1916985000000, 48891750000000, 3667468000000, 45224281000000, 2022, 4);
INSERT INTO billybangdb.financial_statements (financial_statement_id, business_profit, net_profit, sales_amount, total_assets, total_capital, total_liabilities, year, provider_id) VALUES (12, 315615000000, 230554000000, 1457508000000, 46628812000000, 3518153000000, 43110659000000, 2021, 4);
INSERT INTO billybangdb.financial_statements (financial_statement_id, business_profit, net_profit, sales_amount, total_assets, total_capital, total_liabilities, year, provider_id) VALUES (13, 311843000000, 240715000000, 1676705000000, 29792908000000, 2150602000000, 27642307000000, 2023, 5);
INSERT INTO billybangdb.financial_statements (financial_statement_id, business_profit, net_profit, sales_amount, total_assets, total_capital, total_liabilities, year, provider_id) VALUES (14, 342386000000, 258177000000, 1248838000000, 28582139000000, 2113216000000, 26468923000000, 2022, 5);
INSERT INTO billybangdb.financial_statements (financial_statement_id, business_profit, net_profit, sales_amount, total_assets, total_capital, total_liabilities, year, provider_id) VALUES (15, 260788000000, 194150000000, 923768000000, 28180102000000, 2055191000000, 26124912000000, 2021, 5);
INSERT INTO billybangdb.financial_statements (financial_statement_id, business_profit, net_profit, sales_amount, total_assets, total_capital, total_liabilities, year, provider_id) VALUES (16, 4327990000000, 3149952000000, 45260621000000, 530012853000000, 36548727000000, 493464126000000, 2023, 6);
INSERT INTO billybangdb.financial_statements (financial_statement_id, business_profit, net_profit, sales_amount, total_assets, total_capital, total_liabilities, year, provider_id) VALUES (17, 3834989000000, 2728307000000, 49721294000000, 517769512000000, 33723259000000, 484046253000000, 2022, 6);
INSERT INTO billybangdb.financial_statements (financial_statement_id, business_profit, net_profit, sales_amount, total_assets, total_capital, total_liabilities, year, provider_id) VALUES (18, 3513993000000, 2538029000000, 26552764000000, 483564898000000, 32888913000000, 450675985000000, 2021, 6);
INSERT INTO billybangdb.financial_statements (financial_statement_id, business_profit, net_profit, sales_amount, total_assets, total_capital, total_liabilities, year, provider_id) VALUES (19, 3432281000000, 2675188000000, 28623849000000, 448427279000000, 31816761000000, 416610518000000, 2023, 7);
INSERT INTO billybangdb.financial_statements (financial_statement_id, business_profit, net_profit, sales_amount, total_assets, total_capital, total_liabilities, year, provider_id) VALUES (20, 3774837000000, 2780804000000, 29796524000000, 431979690000000, 29110563000000, 402869127000000, 2022, 7);
INSERT INTO billybangdb.financial_statements (financial_statement_id, business_profit, net_profit, sales_amount, total_assets, total_capital, total_liabilities, year, provider_id) VALUES (21, 3231310000000, 2425941000000, 18756466000000, 398071914000000, 27533849000000, 370538065000000, 2021, 7);
INSERT INTO billybangdb.financial_statements (financial_statement_id, business_profit, net_profit, sales_amount, total_assets, total_capital, total_liabilities, year, provider_id) VALUES (22, 2762324000000, 1780488000000, 22200187000000, 401325393000000, 23035839000000, 378289554000000, 2023, 8);
INSERT INTO billybangdb.financial_statements (financial_statement_id, business_profit, net_profit, sales_amount, total_assets, total_capital, total_liabilities, year, provider_id) VALUES (23, 2718597000000, 1718234000000, 17993010000000, 387667712000000, 21552980000000, 366114732000000, 2022, 8);
INSERT INTO billybangdb.financial_statements (financial_statement_id, business_profit, net_profit, sales_amount, total_assets, total_capital, total_liabilities, year, provider_id) VALUES (24, 2490643000000, 1555563000000, 13025910000000, 364004909000000, 19234400000000, 344770509000000, 2021, 8);
INSERT INTO billybangdb.financial_statements (financial_statement_id, business_profit, net_profit, sales_amount, total_assets, total_capital, total_liabilities, year, provider_id) VALUES (25, 434711000000, 379120000000, 4716913000000, 77271486000000, 5648599000000, 71622886000000, 2023, 9);
INSERT INTO billybangdb.financial_statements (financial_statement_id, business_profit, net_profit, sales_amount, total_assets, total_capital, total_liabilities, year, provider_id) VALUES (26, 601227000000, 455792000000, 3510835000000, 73236530000000, 5670270000000, 67566260000000, 2022, 9);
INSERT INTO billybangdb.financial_statements (financial_statement_id, business_profit, net_profit, sales_amount, total_assets, total_capital, total_liabilities, year, provider_id) VALUES (27, 533205000000, 402579000000, 2414230000000, 67077755000000, 5487191000000, 61590564000000, 2021, 9);
INSERT INTO billybangdb.financial_statements (financial_statement_id, business_profit, net_profit, sales_amount, total_assets, total_capital, total_liabilities, year, provider_id) VALUES (28, 4147197000000, 3067991000000, 35751798000000, 508497276000000, 33531213000000, 474966063000000, 2023, 10);
INSERT INTO billybangdb.financial_statements (financial_statement_id, business_profit, net_profit, sales_amount, total_assets, total_capital, total_liabilities, year, provider_id) VALUES (29, 4162750000000, 3045732000000, 33475502000000, 491981392000000, 31167260000000, 460814132000000, 2022, 10);
INSERT INTO billybangdb.financial_statements (financial_statement_id, business_profit, net_profit, sales_amount, total_assets, total_capital, total_liabilities, year, provider_id) VALUES (30, 3586717000000, 2494894000000, 20770450000000, 467435213000000, 29235638000000, 438199575000000, 2021, 10);
INSERT INTO billybangdb.financial_statements (financial_statement_id, business_profit, net_profit, sales_amount, total_assets, total_capital, total_liabilities, year, provider_id) VALUES (31, 363012000000, 277522000000, 3045202000000, 38380075000000, 5904794000000, 32475281000000, 2023, 11);
INSERT INTO billybangdb.financial_statements (financial_statement_id, business_profit, net_profit, sales_amount, total_assets, total_capital, total_liabilities, year, provider_id) VALUES (32, 212185000000, 145071000000, 4790418000000, 46027116000000, 5649761000000, 40377355000000, 2022, 11);
INSERT INTO billybangdb.financial_statements (financial_statement_id, business_profit, net_profit, sales_amount, total_assets, total_capital, total_liabilities, year, provider_id) VALUES (33, -1059463000000, -796489000000, 2616478000000, 46534283000000, 5489486000000, 41044797000000, 2021, 11);
INSERT INTO billybangdb.financial_statements (financial_statement_id, business_profit, net_profit, sales_amount, total_assets, total_capital, total_liabilities, year, provider_id) VALUES (34, 3316958000000, 2515080000000, 37693664000000, 458017066000000, 26703452000000, 431313614000000, 2023, 12);
INSERT INTO billybangdb.financial_statements (financial_statement_id, business_profit, net_profit, sales_amount, total_assets, total_capital, total_liabilities, year, provider_id) VALUES (35, 3783187000000, 2903409000000, 38638337000000, 443340979000000, 25757186000000, 417583793000000, 2022, 12);
INSERT INTO billybangdb.financial_statements (financial_statement_id, business_profit, net_profit, sales_amount, total_assets, total_capital, total_liabilities, year, provider_id) VALUES (36, 3072692000000, 2385106000000, 24279302000000, 415976627000000, 24661519000000, 391315108000000, 2021, 12);
INSERT INTO billybangdb.financial_statements (financial_statement_id, business_profit, net_profit, sales_amount, total_assets, total_capital, total_liabilities, year, provider_id) VALUES (37, 271737000000, 204521000000, 1519867000000, 24144648000000, 2003888000000, 22140760000000, 2023, 13);
INSERT INTO billybangdb.financial_statements (financial_statement_id, business_profit, net_profit, sales_amount, total_assets, total_capital, total_liabilities, year, provider_id) VALUES (38, 274146000000, 205137000000, 1043238000000, 23110353000000, 1826136000000, 21284217000000, 2022, 13);
INSERT INTO billybangdb.financial_statements (financial_statement_id, business_profit, net_profit, sales_amount, total_assets, total_capital, total_liabilities, year, provider_id) VALUES (39, 243130000000, 182926000000, 788795000000, 20688179000000, 1732175000000, 18956004000000, 2021, 13);
INSERT INTO billybangdb.financial_statements (financial_statement_id, business_profit, net_profit, sales_amount, total_assets, total_capital, total_liabilities, year, provider_id) VALUES (40, 2623000000, 5101000000, 371211000000, 7162714000000, 535851000000, 6626863000000, 2023, 14);
INSERT INTO billybangdb.financial_statements (financial_statement_id, business_profit, net_profit, sales_amount, total_assets, total_capital, total_liabilities, year, provider_id) VALUES (41, 27020000000, 22820000000, 275576000000, 7320304000000, 521854000000, 6798450000000, 2022, 14);
INSERT INTO billybangdb.financial_statements (financial_statement_id, business_profit, net_profit, sales_amount, total_assets, total_capital, total_liabilities, year, provider_id) VALUES (42, 22602000000, 18446000000, 204575000000, 6944214000000, 515945000000, 6428269000000, 2021, 14);
INSERT INTO billybangdb.financial_statements (financial_statement_id, business_profit, net_profit, sales_amount, total_assets, total_capital, total_liabilities, year, provider_id) VALUES (43, 478485000000, 354912000000, 2494045000000, 54488157000000, 6117694000000, 48370463000000, 2023, 15);
INSERT INTO billybangdb.financial_statements (financial_statement_id, business_profit, net_profit, sales_amount, total_assets, total_capital, total_liabilities, year, provider_id) VALUES (44, 353186000000, 263091000000, 1605801000000, 39516079000000, 5715110000000, 33800969000000, 2022, 15);
INSERT INTO billybangdb.financial_statements (financial_statement_id, business_profit, net_profit, sales_amount, total_assets, total_capital, total_liabilities, year, provider_id) VALUES (45, 256936000000, 204124000000, 1064933000000, 36040068000000, 5521370000000, 30518698000000, 2021, 15);
INSERT INTO billybangdb.financial_statements (financial_statement_id, business_profit, net_profit, sales_amount, total_assets, total_capital, total_liabilities, year, provider_id) VALUES (46, 91904000000, 83569000000, 558387000000, 16631346000000, 1797928000000, 14833418000000, 2022, 16);
INSERT INTO billybangdb.financial_statements (financial_statement_id, business_profit, net_profit, sales_amount, total_assets, total_capital, total_liabilities, year, provider_id) VALUES (47, 24491000000, 22547000000, 287756000000, 13333556000000, 1738056000000, 11595500000000, 2021, 16);
INSERT INTO billybangdb.financial_statements (financial_statement_id, business_profit, net_profit, sales_amount, total_assets, total_capital, total_liabilities, year, provider_id) VALUES (48, -105428000000, -105374000000, 80183000000, 4331118000000, 488828000000, 3842290000000, 2020, 16);
INSERT INTO billybangdb.financial_statements (financial_statement_id, business_profit, net_profit, sales_amount, total_assets, total_capital, total_liabilities, year, provider_id) VALUES (49, -244896000000, -264447000000, 755700000000, 23398364000000, 963204000000, 22435160000000, 2022, 17);
INSERT INTO billybangdb.financial_statements (financial_statement_id, business_profit, net_profit, sales_amount, total_assets, total_capital, total_liabilities, year, provider_id) VALUES (50, -81380000000, -80589000000, 37022000000, 14348522000000, 442375000000, 13906147000000, 2021, 17);
INSERT INTO billybangdb.financial_statements (financial_statement_id, business_profit, net_profit, sales_amount, total_assets, total_capital, total_liabilities, year, provider_id) VALUES (51, -26322000000, -26321000000, 400000000, 80317000000, 70285000000, 10032000000, 2020, 17);
INSERT INTO billybangdb.financial_statements (financial_statement_id, business_profit, net_profit, sales_amount, total_assets, total_capital, total_liabilities, year, provider_id) VALUES (52, 4605518000000, 3487433000000, 52500636000000, 498843436000000, 32084316000000, 466759120000000, 2023, 18);
INSERT INTO billybangdb.financial_statements (financial_statement_id, business_profit, net_profit, sales_amount, total_assets, total_capital, total_liabilities, year, provider_id) VALUES (53, 4066602000000, 3111699000000, 53667162000000, 485308744000000, 29965368000000, 455343376000000, 2022, 18);
INSERT INTO billybangdb.financial_statements (financial_statement_id, business_profit, net_profit, sales_amount, total_assets, total_capital, total_liabilities, year, provider_id) VALUES (54, 3418437000000, 2575746000000, 30139769000000, 430193576000000, 28756471000000, 401437105000000, 2021, 18);
INSERT INTO billybangdb.financial_statements (financial_statement_id, business_profit, net_profit, sales_amount, total_assets, total_capital, total_liabilities, year, provider_id) VALUES (55, -154000000, 155000000, 100405000000, 1691292000000, 223240000000, 1468052000000, 2022, 19);
INSERT INTO billybangdb.financial_statements (financial_statement_id, business_profit, net_profit, sales_amount, total_assets, total_capital, total_liabilities, year, provider_id) VALUES (56, 24598000000, 18981000000, 84050000000, 1643636000000, 222784000000, 1420852000000, 2021, 19);
INSERT INTO billybangdb.financial_statements (financial_statement_id, business_profit, net_profit, sales_amount, total_assets, total_capital, total_liabilities, year, provider_id) VALUES (57, 9498000000, 7584000000, 62752000000, 1333387000000, 153224000000, 1180163000000, 2020, 19);
INSERT INTO billybangdb.financial_statements (financial_statement_id, business_profit, net_profit, sales_amount, total_assets, total_capital, total_liabilities, year, provider_id) VALUES (58, 18820000000, 16585000000, 113276000000, 2147598000000, 219285000000, 1928313000000, 2022, 20);
INSERT INTO billybangdb.financial_statements (financial_statement_id, business_profit, net_profit, sales_amount, total_assets, total_capital, total_liabilities, year, provider_id) VALUES (59, 16846000000, 14609000000, 80169000000, 1823178000000, 205392000000, 1617785000000, 2021, 20);
INSERT INTO billybangdb.financial_statements (financial_statement_id, business_profit, net_profit, sales_amount, total_assets, total_capital, total_liabilities, year, provider_id) VALUES (60, 8959000000, 7609000000, 67901000000, 1446025000000, 188928000000, 1257097000000, 2020, 20);
INSERT INTO billybangdb.financial_statements (financial_statement_id, business_profit, net_profit, sales_amount, total_assets, total_capital, total_liabilities, year, provider_id) VALUES (61, 21237000000, 16058000000, 117368000000, 1288357000000, 136068000000, 1152289000000, 2022, 21);
INSERT INTO billybangdb.financial_statements (financial_statement_id, business_profit, net_profit, sales_amount, total_assets, total_capital, total_liabilities, year, provider_id) VALUES (62, 503000000, 421000000, 78403000000, 1038187000000, 88601000000, 949586000000, 2021, 21);
INSERT INTO billybangdb.financial_statements (financial_statement_id, business_profit, net_profit, sales_amount, total_assets, total_capital, total_liabilities, year, provider_id) VALUES (63, 9264000000, 3407000000, 40695000000, 679925000000, 48230000000, 631695000000, 2020, 21);
INSERT INTO billybangdb.financial_statements (financial_statement_id, business_profit, net_profit, sales_amount, total_assets, total_capital, total_liabilities, year, provider_id) VALUES (64, 23564000000, 18405000000, 113692000000, 2100002000000, 168033000000, 1931969000000, 2022, 22);
INSERT INTO billybangdb.financial_statements (financial_statement_id, business_profit, net_profit, sales_amount, total_assets, total_capital, total_liabilities, year, provider_id) VALUES (65, 22906000000, 18073000000, 80221000000, 1488737000000, 161719000000, 1327018000000, 2021, 22);
INSERT INTO billybangdb.financial_statements (financial_statement_id, business_profit, net_profit, sales_amount, total_assets, total_capital, total_liabilities, year, provider_id) VALUES (66, 8105000000, 6162000000, 71721000000, 1311643000000, 142066000000, 1169577000000, 2020, 22);
INSERT INTO billybangdb.financial_statements (financial_statement_id, business_profit, net_profit, sales_amount, total_assets, total_capital, total_liabilities, year, provider_id) VALUES (67, 26768000000, 20249000000, 170178000000, 2173215000000, 190536000000, 1982679000000, 2022, 23);
INSERT INTO billybangdb.financial_statements (financial_statement_id, business_profit, net_profit, sales_amount, total_assets, total_capital, total_liabilities, year, provider_id) VALUES (68, 39728000000, 29679000000, 145478000000, 1923686000000, 171379000000, 1752307000000, 2021, 23);
INSERT INTO billybangdb.financial_statements (financial_statement_id, business_profit, net_profit, sales_amount, total_assets, total_capital, total_liabilities, year, provider_id) VALUES (69, 28773000000, 22285000000, 131663000000, 1630123000000, 146269000000, 1483854000000, 2020, 23);
INSERT INTO billybangdb.financial_statements (financial_statement_id, business_profit, net_profit, sales_amount, total_assets, total_capital, total_liabilities, year, provider_id) VALUES (70, 25835000000, 19722000000, 250985000000, 2877250000000, 258685000000, 2618565000000, 2022, 24);
INSERT INTO billybangdb.financial_statements (financial_statement_id, business_profit, net_profit, sales_amount, total_assets, total_capital, total_liabilities, year, provider_id) VALUES (71, 51381000000, 38450000000, 216731000000, 2603937000000, 255163000000, 2348774000000, 2021, 24);
INSERT INTO billybangdb.financial_statements (financial_statement_id, business_profit, net_profit, sales_amount, total_assets, total_capital, total_liabilities, year, provider_id) VALUES (72, 54945000000, 40911000000, 209169000000, 2136754000000, 223414000000, 1913340000000, 2020, 24);
INSERT INTO billybangdb.financial_statements (financial_statement_id, business_profit, net_profit, sales_amount, total_assets, total_capital, total_liabilities, year, provider_id) VALUES (73, 17239000000, 12897000000, 191515000000, 3105154000000, 249602000000, 2855552000000, 2022, 25);
INSERT INTO billybangdb.financial_statements (financial_statement_id, business_profit, net_profit, sales_amount, total_assets, total_capital, total_liabilities, year, provider_id) VALUES (74, 28653000000, 22567000000, 150566000000, 2583346000000, 236577000000, 2346768000000, 2021, 25);
INSERT INTO billybangdb.financial_statements (financial_statement_id, business_profit, net_profit, sales_amount, total_assets, total_capital, total_liabilities, year, provider_id) VALUES (75, 14513000000, 10217000000, 104728000000, 1857710000000, 201612000000, 1656098000000, 2020, 25);
INSERT INTO billybangdb.financial_statements (financial_statement_id, business_profit, net_profit, sales_amount, total_assets, total_capital, total_liabilities, year, provider_id) VALUES (76, 5366000000, 4506000000, 33169000000, 532453000000, 58266000000, 474187000000, 2022, 26);
INSERT INTO billybangdb.financial_statements (financial_statement_id, business_profit, net_profit, sales_amount, total_assets, total_capital, total_liabilities, year, provider_id) VALUES (77, 3485000000, 2981000000, 25189000000, 455544000000, 35984000000, 419560000000, 2021, 26);
INSERT INTO billybangdb.financial_statements (financial_statement_id, business_profit, net_profit, sales_amount, total_assets, total_capital, total_liabilities, year, provider_id) VALUES (78, 634000000, 560000000, 23083000000, 417783000000, 32688000000, 385095000000, 2020, 26);
INSERT INTO billybangdb.financial_statements (financial_statement_id, business_profit, net_profit, sales_amount, total_assets, total_capital, total_liabilities, year, provider_id) VALUES (79, 36494000000, 26835000000, 143516000000, 2530771000000, 353467000000, 2177304000000, 2022, 27);
INSERT INTO billybangdb.financial_statements (financial_statement_id, business_profit, net_profit, sales_amount, total_assets, total_capital, total_liabilities, year, provider_id) VALUES (80, 31394000000, 23395000000, 108166000000, 2029859000000, 226183000000, 1803677000000, 2021, 27);
INSERT INTO billybangdb.financial_statements (financial_statement_id, business_profit, net_profit, sales_amount, total_assets, total_capital, total_liabilities, year, provider_id) VALUES (81, 25521000000, 20698000000, 93018000000, 1835318000000, 202740000000, 1632578000000, 2020, 27);
INSERT INTO billybangdb.financial_statements (financial_statement_id, business_profit, net_profit, sales_amount, total_assets, total_capital, total_liabilities, year, provider_id) VALUES (82, 33547000000, 25543000000, 187118000000, 3026812000000, 261527000000, 2765285000000, 2022, 28);
INSERT INTO billybangdb.financial_statements (financial_statement_id, business_profit, net_profit, sales_amount, total_assets, total_capital, total_liabilities, year, provider_id) VALUES (83, 35994000000, 27577000000, 150664000000, 2820957000000, 234161000000, 2586795000000, 2021, 28);
INSERT INTO billybangdb.financial_statements (financial_statement_id, business_profit, net_profit, sales_amount, total_assets, total_capital, total_liabilities, year, provider_id) VALUES (84, 15440000000, 10776000000, 125754000000, 2406509000000, 206365000000, 2200144000000, 2020, 28);
INSERT INTO billybangdb.financial_statements (financial_statement_id, business_profit, net_profit, sales_amount, total_assets, total_capital, total_liabilities, year, provider_id) VALUES (85, 356252000000, 328369000000, 1651354000000, 16379203000000, 1822447000000, 14556756000000, 2022, 29);
INSERT INTO billybangdb.financial_statements (financial_statement_id, business_profit, net_profit, sales_amount, total_assets, total_capital, total_liabilities, year, provider_id) VALUES (86, 389594000000, 349479000000, 1338141000000, 13150078000000, 1529351000000, 11620727000000, 2021, 29);
INSERT INTO billybangdb.financial_statements (financial_statement_id, business_profit, net_profit, sales_amount, total_assets, total_capital, total_liabilities, year, provider_id) VALUES (87, 288322000000, 258270000000, 1159308000000, 11255212000000, 1159697000000, 10095515000000, 2020, 29);
INSERT INTO billybangdb.financial_statements (financial_statement_id, business_profit, net_profit, sales_amount, total_assets, total_capital, total_liabilities, year, provider_id) VALUES (88, 35460000000, 4826000000, 262892000000, 3299009000000, 302808000000, 2996201000000, 2022, 30);
INSERT INTO billybangdb.financial_statements (financial_statement_id, business_profit, net_profit, sales_amount, total_assets, total_capital, total_liabilities, year, provider_id) VALUES (89, 59885000000, 43645000000, 222770000000, 2664636000000, 309186000000, 2355450000000, 2021, 30);
INSERT INTO billybangdb.financial_statements (financial_statement_id, business_profit, net_profit, sales_amount, total_assets, total_capital, total_liabilities, year, provider_id) VALUES (90, 48831000000, 36995000000, 200529000000, 2148574000000, 276742000000, 1871832000000, 2020, 30);
INSERT INTO billybangdb.financial_statements (financial_statement_id, business_profit, net_profit, sales_amount, total_assets, total_capital, total_liabilities, year, provider_id) VALUES (91, 27116000000, 23613000000, 49259000000, 678985000000, 177054000000, 501931000000, 2022, 31);
INSERT INTO billybangdb.financial_statements (financial_statement_id, business_profit, net_profit, sales_amount, total_assets, total_capital, total_liabilities, year, provider_id) VALUES (92, 29043000000, 23427000000, 47302000000, 663351000000, 163798000000, 499552000000, 2021, 31);
INSERT INTO billybangdb.financial_statements (financial_statement_id, business_profit, net_profit, sales_amount, total_assets, total_capital, total_liabilities, year, provider_id) VALUES (93, 20852000000, 15628000000, 39600000000, 696723000000, 139758000000, 556965000000, 2020, 31);
INSERT INTO billybangdb.financial_statements (financial_statement_id, business_profit, net_profit, sales_amount, total_assets, total_capital, total_liabilities, year, provider_id) VALUES (94, -13003000000, -8174000000, 405689000000, 4311025000000, 441577000000, 3869447000000, 2023, 32);
INSERT INTO billybangdb.financial_statements (financial_statement_id, business_profit, net_profit, sales_amount, total_assets, total_capital, total_liabilities, year, provider_id) VALUES (95, 88376000000, 66357000000, 392671000000, 4816210000000, 442930000000, 4373279000000, 2022, 32);
INSERT INTO billybangdb.financial_statements (financial_statement_id, business_profit, net_profit, sales_amount, total_assets, total_capital, total_liabilities, year, provider_id) VALUES (96, 76558000000, 77162000000, 95951000000, 3632767000000, 396697000000, 3236070000000, 2021, 32);
INSERT INTO billybangdb.financial_statements (financial_statement_id, business_profit, net_profit, sales_amount, total_assets, total_capital, total_liabilities, year, provider_id) VALUES (97, 17255000000, 13402000000, 198792000000, 3016142000000, 244314000000, 2771828000000, 2022, 33);
INSERT INTO billybangdb.financial_statements (financial_statement_id, business_profit, net_profit, sales_amount, total_assets, total_capital, total_liabilities, year, provider_id) VALUES (98, 33785000000, 24864000000, 143910000000, 2500464000000, 198182000000, 2302282000000, 2021, 33);
INSERT INTO billybangdb.financial_statements (financial_statement_id, business_profit, net_profit, sales_amount, total_assets, total_capital, total_liabilities, year, provider_id) VALUES (99, 23588000000, 16084000000, 104723000000, 1721042000000, 178088000000, 1542953000000, 2020, 33);
INSERT INTO billybangdb.financial_statements (financial_statement_id, business_profit, net_profit, sales_amount, total_assets, total_capital, total_liabilities, year, provider_id) VALUES (100, 8435000000, 6068000000, 44454000000, 869822000000, 87851000000, 781972000000, 2022, 34);
INSERT INTO billybangdb.financial_statements (financial_statement_id, business_profit, net_profit, sales_amount, total_assets, total_capital, total_liabilities, year, provider_id) VALUES (101, 9184000000, 7035000000, 33947000000, 772751000000, 82170000000, 690581000000, 2021, 34);
INSERT INTO billybangdb.financial_statements (financial_statement_id, business_profit, net_profit, sales_amount, total_assets, total_capital, total_liabilities, year, provider_id) VALUES (102, 4395000000, 3062000000, 32294000000, 652472000000, 74319000000, 578153000000, 2020, 34);
INSERT INTO billybangdb.financial_statements (financial_statement_id, business_profit, net_profit, sales_amount, total_assets, total_capital, total_liabilities, year, provider_id) VALUES (103, 17914000000, 13668000000, 80843000000, 1120224000000, 82811000000, 1037414000000, 2022, 35);
INSERT INTO billybangdb.financial_statements (financial_statement_id, business_profit, net_profit, sales_amount, total_assets, total_capital, total_liabilities, year, provider_id) VALUES (104, 13740000000, 13030000000, 63726000000, 1033904000000, 69180000000, 964724000000, 2021, 35);
INSERT INTO billybangdb.financial_statements (financial_statement_id, business_profit, net_profit, sales_amount, total_assets, total_capital, total_liabilities, year, provider_id) VALUES (105, 12490000000, 12005000000, 48668000000, 791480000000, 57380000000, 734100000000, 2020, 35);
INSERT INTO billybangdb.financial_statements (financial_statement_id, business_profit, net_profit, sales_amount, total_assets, total_capital, total_liabilities, year, provider_id) VALUES (106, 4617000000, 3525000000, 16358000000, 228368000000, 16322000000, 212046000000, 2022, 36);
INSERT INTO billybangdb.financial_statements (financial_statement_id, business_profit, net_profit, sales_amount, total_assets, total_capital, total_liabilities, year, provider_id) VALUES (107, 1260000000, 1421000000, 10358000000, 189442000000, 12884000000, 176559000000, 2021, 36);
INSERT INTO billybangdb.financial_statements (financial_statement_id, business_profit, net_profit, sales_amount, total_assets, total_capital, total_liabilities, year, provider_id) VALUES (108, 1291000000, 2626000000, 11663000000, 148715000000, 11796000000, 136919000000, 2020, 36);
INSERT INTO billybangdb.financial_statements (financial_statement_id, business_profit, net_profit, sales_amount, total_assets, total_capital, total_liabilities, year, provider_id) VALUES (109, 47102000000, 33373000000, 253657000000, 3394280000000, 349299000000, 3044981000000, 2022, 37);
INSERT INTO billybangdb.financial_statements (financial_statement_id, business_profit, net_profit, sales_amount, total_assets, total_capital, total_liabilities, year, provider_id) VALUES (110, 88142000000, 63217000000, 225195000000, 3308476000000, 336586000000, 2971890000000, 2021, 37);
INSERT INTO billybangdb.financial_statements (financial_statement_id, business_profit, net_profit, sales_amount, total_assets, total_capital, total_liabilities, year, provider_id) VALUES (111, 66516000000, 49769000000, 169211000000, 2279983000000, 274843000000, 2005141000000, 2020, 37);
INSERT INTO billybangdb.financial_statements (financial_statement_id, business_profit, net_profit, sales_amount, total_assets, total_capital, total_liabilities, year, provider_id) VALUES (112, 7956000000, 6646000000, 28034000000, 330058000000, 57318000000, 272740000000, 2022, 38);
INSERT INTO billybangdb.financial_statements (financial_statement_id, business_profit, net_profit, sales_amount, total_assets, total_capital, total_liabilities, year, provider_id) VALUES (113, 11373000000, 11347000000, 26199000000, 320510000000, 50105000000, 270405000000, 2021, 38);
INSERT INTO billybangdb.financial_statements (financial_statement_id, business_profit, net_profit, sales_amount, total_assets, total_capital, total_liabilities, year, provider_id) VALUES (114, 6618000000, 7160000000, 26473000000, 300916000000, 39354000000, 261562000000, 2020, 38);
INSERT INTO billybangdb.financial_statements (financial_statement_id, business_profit, net_profit, sales_amount, total_assets, total_capital, total_liabilities, year, provider_id) VALUES (115, 67294000000, 49938000000, 356143000000, 3542203000000, 310657000000, 3231546000000, 2022, 39);
INSERT INTO billybangdb.financial_statements (financial_statement_id, business_profit, net_profit, sales_amount, total_assets, total_capital, total_liabilities, year, provider_id) VALUES (116, 87489000000, 65130000000, 298877000000, 3174148000000, 272042000000, 2902105000000, 2021, 39);
INSERT INTO billybangdb.financial_statements (financial_statement_id, business_profit, net_profit, sales_amount, total_assets, total_capital, total_liabilities, year, provider_id) VALUES (117, 39207000000, 28496000000, 191555000000, 1884015000000, 200639000000, 1683376000000, 2020, 39);
INSERT INTO billybangdb.financial_statements (financial_statement_id, business_profit, net_profit, sales_amount, total_assets, total_capital, total_liabilities, year, provider_id) VALUES (118, 37257000000, 27860000000, 205880000000, 1817755000000, 161065000000, 1656690000000, 2022, 40);
INSERT INTO billybangdb.financial_statements (financial_statement_id, business_profit, net_profit, sales_amount, total_assets, total_capital, total_liabilities, year, provider_id) VALUES (119, 40735000000, 29952000000, 157114000000, 1754791000000, 140533000000, 1614258000000, 2021, 40);
INSERT INTO billybangdb.financial_statements (financial_statement_id, business_profit, net_profit, sales_amount, total_assets, total_capital, total_liabilities, year, provider_id) VALUES (120, 6662000000, 3078000000, 105097000000, 972753000000, 113183000000, 859570000000, 2020, 40);
INSERT INTO billybangdb.financial_statements (financial_statement_id, business_profit, net_profit, sales_amount, total_assets, total_capital, total_liabilities, year, provider_id) VALUES (121, 4866000000, 4069000000, 64516000000, 678453000000, 85570000000, 592883000000, 2023, 41);
INSERT INTO billybangdb.financial_statements (financial_statement_id, business_profit, net_profit, sales_amount, total_assets, total_capital, total_liabilities, year, provider_id) VALUES (122, 18192000000, 13789000000, 64527000000, 723199000000, 85145000000, 638054000000, 2022, 41);
INSERT INTO billybangdb.financial_statements (financial_statement_id, business_profit, net_profit, sales_amount, total_assets, total_capital, total_liabilities, year, provider_id) VALUES (123, 20669000000, 15922000000, 58754000000, 687909000000, 78531000000, 609379000000, 2021, 41);
INSERT INTO billybangdb.financial_statements (financial_statement_id, business_profit, net_profit, sales_amount, total_assets, total_capital, total_liabilities, year, provider_id) VALUES (124, 16794000000, 12355000000, 106451000000, 1138029000000, 108774000000, 1029255000000, 2022, 42);
INSERT INTO billybangdb.financial_statements (financial_statement_id, business_profit, net_profit, sales_amount, total_assets, total_capital, total_liabilities, year, provider_id) VALUES (125, 23839000000, 17585000000, 84466000000, 1159275000000, 98022000000, 1061253000000, 2021, 42);
INSERT INTO billybangdb.financial_statements (financial_statement_id, business_profit, net_profit, sales_amount, total_assets, total_capital, total_liabilities, year, provider_id) VALUES (126, 16608000000, 12763000000, 74606000000, 774523000000, 81954000000, 692569000000, 2020, 42);
INSERT INTO billybangdb.financial_statements (financial_statement_id, business_profit, net_profit, sales_amount, total_assets, total_capital, total_liabilities, year, provider_id) VALUES (127, 588000000, 682000000, 13638000000, 162058000000, 49945000000, 112113000000, 2023, 43);
INSERT INTO billybangdb.financial_statements (financial_statement_id, business_profit, net_profit, sales_amount, total_assets, total_capital, total_liabilities, year, provider_id) VALUES (128, 708000000, 802000000, 12556000000, 190802000000, 49792000000, 141010000000, 2022, 43);
INSERT INTO billybangdb.financial_statements (financial_statement_id, business_profit, net_profit, sales_amount, total_assets, total_capital, total_liabilities, year, provider_id) VALUES (129, 2259000000, 2091000000, 9717000000, 168943000000, 51409000000, 117534000000, 2021, 43);
INSERT INTO billybangdb.financial_statements (financial_statement_id, business_profit, net_profit, sales_amount, total_assets, total_capital, total_liabilities, year, provider_id) VALUES (130, 61575000000, 45609000000, 241699000000, 3017330000000, 295454000000, 2721876000000, 2022, 44);
INSERT INTO billybangdb.financial_statements (financial_statement_id, business_profit, net_profit, sales_amount, total_assets, total_capital, total_liabilities, year, provider_id) VALUES (131, 32282000000, 24492000000, 164802000000, 2607897000000, 199723000000, 2408174000000, 2021, 44);
INSERT INTO billybangdb.financial_statements (financial_statement_id, business_profit, net_profit, sales_amount, total_assets, total_capital, total_liabilities, year, provider_id) VALUES (132, 28679000000, 22243000000, 126063000000, 1810647000000, 180255000000, 1630393000000, 2020, 44);
INSERT INTO billybangdb.financial_statements (financial_statement_id, business_profit, net_profit, sales_amount, total_assets, total_capital, total_liabilities, year, provider_id) VALUES (133, 73258000000, 57322000000, 437059000000, 6119182000000, 468681000000, 5650502000000, 2022, 45);
INSERT INTO billybangdb.financial_statements (financial_statement_id, business_profit, net_profit, sales_amount, total_assets, total_capital, total_liabilities, year, provider_id) VALUES (134, 80928000000, 62093000000, 347893000000, 5054218000000, 398775000000, 4655443000000, 2021, 45);
INSERT INTO billybangdb.financial_statements (financial_statement_id, business_profit, net_profit, sales_amount, total_assets, total_capital, total_liabilities, year, provider_id) VALUES (135, 34041000000, 27868000000, 277164000000, 3499312000000, 289775000000, 3209537000000, 2020, 45);
INSERT INTO billybangdb.financial_statements (financial_statement_id, business_profit, net_profit, sales_amount, total_assets, total_capital, total_liabilities, year, provider_id) VALUES (136, 23335000000, 17235000000, 151129000000, 1829611000000, 197804000000, 1631807000000, 2022, 46);
INSERT INTO billybangdb.financial_statements (financial_statement_id, business_profit, net_profit, sales_amount, total_assets, total_capital, total_liabilities, year, provider_id) VALUES (137, 32537000000, 22994000000, 128075000000, 1514620000000, 180598000000, 1334022000000, 2021, 46);
INSERT INTO billybangdb.financial_statements (financial_statement_id, business_profit, net_profit, sales_amount, total_assets, total_capital, total_liabilities, year, provider_id) VALUES (138, 23869000000, 18156000000, 109418000000, 1178624000000, 157654000000, 1020970000000, 2020, 46);
INSERT INTO billybangdb.financial_statements (financial_statement_id, business_profit, net_profit, sales_amount, total_assets, total_capital, total_liabilities, year, provider_id) VALUES (139, 7160000000, 6915000000, 113082000000, 1792383000000, 226826000000, 1565557000000, 2022, 47);
INSERT INTO billybangdb.financial_statements (financial_statement_id, business_profit, net_profit, sales_amount, total_assets, total_capital, total_liabilities, year, provider_id) VALUES (140, 15605000000, 13993000000, 85574000000, 1446933000000, 223112000000, 1223821000000, 2021, 47);
INSERT INTO billybangdb.financial_statements (financial_statement_id, business_profit, net_profit, sales_amount, total_assets, total_capital, total_liabilities, year, provider_id) VALUES (141, 11915000000, 11120000000, 71868000000, 1196633000000, 110052000000, 1086581000000, 2020, 47);
INSERT INTO billybangdb.financial_statements (financial_statement_id, business_profit, net_profit, sales_amount, total_assets, total_capital, total_liabilities, year, provider_id) VALUES (142, 128886000000, 93617000000, 657687000000, 7126102000000, 705782000000, 6420321000000, 2022, 48);
INSERT INTO billybangdb.financial_statements (financial_statement_id, business_profit, net_profit, sales_amount, total_assets, total_capital, total_liabilities, year, provider_id) VALUES (143, 150430000000, 112354000000, 571619000000, 6178704000000, 541697000000, 5637007000000, 2021, 48);
INSERT INTO billybangdb.financial_statements (financial_statement_id, business_profit, net_profit, sales_amount, total_assets, total_capital, total_liabilities, year, provider_id) VALUES (144, 134041000000, 95579000000, 442034000000, 4279848000000, 427855000000, 3851993000000, 2020, 48);
INSERT INTO billybangdb.financial_statements (financial_statement_id, business_profit, net_profit, sales_amount, total_assets, total_capital, total_liabilities, year, provider_id) VALUES (145, 5259000000, 4267000000, 29922000000, 535189000000, 50376000000, 484813000000, 2022, 49);
INSERT INTO billybangdb.financial_statements (financial_statement_id, business_profit, net_profit, sales_amount, total_assets, total_capital, total_liabilities, year, provider_id) VALUES (146, 5744000000, 4619000000, 24775000000, 508855000000, 48942000000, 459913000000, 2021, 49);
INSERT INTO billybangdb.financial_statements (financial_statement_id, business_profit, net_profit, sales_amount, total_assets, total_capital, total_liabilities, year, provider_id) VALUES (147, 2996000000, 3465000000, 21395000000, 429250000000, 46084000000, 383166000000, 2020, 49);
INSERT INTO billybangdb.financial_statements (financial_statement_id, business_profit, net_profit, sales_amount, total_assets, total_capital, total_liabilities, year, provider_id) VALUES (148, 12188000000, 9310000000, 39224000000, 677408000000, 107723000000, 569686000000, 2022, 50);
INSERT INTO billybangdb.financial_statements (financial_statement_id, business_profit, net_profit, sales_amount, total_assets, total_capital, total_liabilities, year, provider_id) VALUES (149, 14561000000, 11267000000, 34629000000, 656144000000, 100534000000, 555610000000, 2021, 50);
INSERT INTO billybangdb.financial_statements (financial_statement_id, business_profit, net_profit, sales_amount, total_assets, total_capital, total_liabilities, year, provider_id) VALUES (150, 13141000000, 10088000000, 34030000000, 563407000000, 91230000000, 472177000000, 2020, 50);
INSERT INTO billybangdb.financial_statements (financial_statement_id, business_profit, net_profit, sales_amount, total_assets, total_capital, total_liabilities, year, provider_id) VALUES (151, 8638000000, 6702000000, 36493000000, 556834000000, 52305000000, 504529000000, 2022, 51);
INSERT INTO billybangdb.financial_statements (financial_statement_id, business_profit, net_profit, sales_amount, total_assets, total_capital, total_liabilities, year, provider_id) VALUES (152, 7939000000, 8081000000, 29502000000, 545840000000, 48792000000, 497048000000, 2021, 51);
INSERT INTO billybangdb.financial_statements (financial_statement_id, business_profit, net_profit, sales_amount, total_assets, total_capital, total_liabilities, year, provider_id) VALUES (153, 6441000000, 5107000000, 26040000000, 416875000000, 44340000000, 372535000000, 2020, 51);
INSERT INTO billybangdb.financial_statements (financial_statement_id, business_profit, net_profit, sales_amount, total_assets, total_capital, total_liabilities, year, provider_id) VALUES (154, 342000000, 511000000, 47302000000, 609689000000, 59684000000, 550005000000, 2023, 52);
INSERT INTO billybangdb.financial_statements (financial_statement_id, business_profit, net_profit, sales_amount, total_assets, total_capital, total_liabilities, year, provider_id) VALUES (155, 9802000000, 7844000000, 41904000000, 732683000000, 58423000000, 674260000000, 2022, 52);
INSERT INTO billybangdb.financial_statements (financial_statement_id, business_profit, net_profit, sales_amount, total_assets, total_capital, total_liabilities, year, provider_id) VALUES (156, 7761000000, 6066000000, 31573000000, 635384000000, 55892000000, 579492000000, 2021, 52);
INSERT INTO billybangdb.financial_statements (financial_statement_id, business_profit, net_profit, sales_amount, total_assets, total_capital, total_liabilities, year, provider_id) VALUES (157, 6309000000, 5861000000, 24731000000, 407452000000, 52959000000, 354493000000, 2022, 53);
INSERT INTO billybangdb.financial_statements (financial_statement_id, business_profit, net_profit, sales_amount, total_assets, total_capital, total_liabilities, year, provider_id) VALUES (158, 6702000000, 5474000000, 20209000000, 295675000000, 49786000000, 245888000000, 2021, 53);
INSERT INTO billybangdb.financial_statements (financial_statement_id, business_profit, net_profit, sales_amount, total_assets, total_capital, total_liabilities, year, provider_id) VALUES (159, 5859000000, 5401000000, 19517000000, 275311000000, 45994000000, 229317000000, 2020, 53);
INSERT INTO billybangdb.financial_statements (financial_statement_id, business_profit, net_profit, sales_amount, total_assets, total_capital, total_liabilities, year, provider_id) VALUES (160, 26866000000, 20829000000, 116129000000, 1953508000000, 176522000000, 1776986000000, 2022, 54);
INSERT INTO billybangdb.financial_statements (financial_statement_id, business_profit, net_profit, sales_amount, total_assets, total_capital, total_liabilities, year, provider_id) VALUES (161, 23585000000, 19532000000, 73711000000, 1389165000000, 135535000000, 1253630000000, 2021, 54);
INSERT INTO billybangdb.financial_statements (financial_statement_id, business_profit, net_profit, sales_amount, total_assets, total_capital, total_liabilities, year, provider_id) VALUES (162, 19787000000, 15489000000, 65709000000, 1098529000000, 115740000000, 982788000000, 2020, 54);
INSERT INTO billybangdb.financial_statements (financial_statement_id, business_profit, net_profit, sales_amount, total_assets, total_capital, total_liabilities, year, provider_id) VALUES (163, 45607000000, 35264000000, 171813000000, 2642941000000, 250270000000, 2392671000000, 2022, 55);
INSERT INTO billybangdb.financial_statements (financial_statement_id, business_profit, net_profit, sales_amount, total_assets, total_capital, total_liabilities, year, provider_id) VALUES (164, 36549000000, 28106000000, 112068000000, 1955169000000, 173969000000, 1781200000000, 2021, 55);
INSERT INTO billybangdb.financial_statements (financial_statement_id, business_profit, net_profit, sales_amount, total_assets, total_capital, total_liabilities, year, provider_id) VALUES (165, 25382000000, 19709000000, 94718000000, 1427551000000, 150831000000, 1276720000000, 2020, 55);
INSERT INTO billybangdb.financial_statements (financial_statement_id, business_profit, net_profit, sales_amount, total_assets, total_capital, total_liabilities, year, provider_id) VALUES (166, 63567000000, 51343000000, 558449000000, 6255425000000, 522271000000, 5733154000000, 2022, 56);
INSERT INTO billybangdb.financial_statements (financial_statement_id, business_profit, net_profit, sales_amount, total_assets, total_capital, total_liabilities, year, provider_id) VALUES (167, 106549000000, 81734000000, 457862000000, 6018698000000, 452641000000, 5566057000000, 2021, 56);
INSERT INTO billybangdb.financial_statements (financial_statement_id, business_profit, net_profit, sales_amount, total_assets, total_capital, total_liabilities, year, provider_id) VALUES (168, 41848000000, 34810000000, 349907000000, 4319822000000, 373941000000, 3945881000000, 2020, 56);
INSERT INTO billybangdb.financial_statements (financial_statement_id, business_profit, net_profit, sales_amount, total_assets, total_capital, total_liabilities, year, provider_id) VALUES (169, 13748000000, 9730000000, 180626000000, 2765228000000, 341968000000, 2423259000000, 2022, 57);
INSERT INTO billybangdb.financial_statements (financial_statement_id, business_profit, net_profit, sales_amount, total_assets, total_capital, total_liabilities, year, provider_id) VALUES (170, 27766000000, 20458000000, 129650000000, 2431716000000, 336364000000, 2095353000000, 2021, 57);
INSERT INTO billybangdb.financial_statements (financial_statement_id, business_profit, net_profit, sales_amount, total_assets, total_capital, total_liabilities, year, provider_id) VALUES (171, 19744000000, 14927000000, 95919000000, 1811251000000, 219692000000, 1591559000000, 2020, 57);
INSERT INTO billybangdb.financial_statements (financial_statement_id, business_profit, net_profit, sales_amount, total_assets, total_capital, total_liabilities, year, provider_id) VALUES (172, 108422000000, 83232000000, 584782000000, 8841334000000, 780379000000, 8060955000000, 2022, 58);
INSERT INTO billybangdb.financial_statements (financial_statement_id, business_profit, net_profit, sales_amount, total_assets, total_capital, total_liabilities, year, provider_id) VALUES (173, 120342000000, 89463000000, 427095000000, 6413318000000, 616971000000, 5796347000000, 2021, 58);
INSERT INTO billybangdb.financial_statements (financial_statement_id, business_profit, net_profit, sales_amount, total_assets, total_capital, total_liabilities, year, provider_id) VALUES (174, 79896000000, 60402000000, 311666000000, 4558126000000, 487610000000, 4070516000000, 2020, 58);
INSERT INTO billybangdb.financial_statements (financial_statement_id, business_profit, net_profit, sales_amount, total_assets, total_capital, total_liabilities, year, provider_id) VALUES (175, 6568000000, 5777000000, 25758000000, 388507000000, 69174000000, 319333000000, 2022, 59);
INSERT INTO billybangdb.financial_statements (financial_statement_id, business_profit, net_profit, sales_amount, total_assets, total_capital, total_liabilities, year, provider_id) VALUES (176, 4714000000, 4484000000, 23205000000, 327663000000, 65538000000, 262125000000, 2021, 59);
INSERT INTO billybangdb.financial_statements (financial_statement_id, business_profit, net_profit, sales_amount, total_assets, total_capital, total_liabilities, year, provider_id) VALUES (177, 5217000000, 4506000000, 22245000000, 276370000000, 62873000000, 213497000000, 2020, 59);
INSERT INTO billybangdb.financial_statements (financial_statement_id, business_profit, net_profit, sales_amount, total_assets, total_capital, total_liabilities, year, provider_id) VALUES (178, 27184000000, 21468000000, 89978000000, 1614428000000, 168642000000, 1445786000000, 2022, 60);
INSERT INTO billybangdb.financial_statements (financial_statement_id, business_profit, net_profit, sales_amount, total_assets, total_capital, total_liabilities, year, provider_id) VALUES (179, 23665000000, 18660000000, 66590000000, 1396046000000, 153927000000, 1242120000000, 2021, 60);
INSERT INTO billybangdb.financial_statements (financial_statement_id, business_profit, net_profit, sales_amount, total_assets, total_capital, total_liabilities, year, provider_id) VALUES (180, 21031000000, 17589000000, 61608000000, 1094347000000, 131416000000, 962931000000, 2020, 60);
INSERT INTO billybangdb.financial_statements (financial_statement_id, business_profit, net_profit, sales_amount, total_assets, total_capital, total_liabilities, year, provider_id) VALUES (181, 12682000000, 9715000000, 38584000000, 564461000000, 68072000000, 496388000000, 2022, 61);
INSERT INTO billybangdb.financial_statements (financial_statement_id, business_profit, net_profit, sales_amount, total_assets, total_capital, total_liabilities, year, provider_id) VALUES (182, 16708000000, 13187000000, 34022000000, 521342000000, 64767000000, 456574000000, 2021, 61);
INSERT INTO billybangdb.financial_statements (financial_statement_id, business_profit, net_profit, sales_amount, total_assets, total_capital, total_liabilities, year, provider_id) VALUES (183, 15629000000, 12727000000, 31681000000, 442917000000, 56513000000, 386404000000, 2020, 61);

INSERT INTO billybangdb.financial_indicators (financial_indicator_id, growth_egr, growth_nigr, growth_oigr, growth_sagr, growth_score, growth_tagr, growth_tdgr, profit_npm, profit_opm, profit_roa, profit_roe, profit_score, stable_cer, stable_der, stable_score, year, provider_id) VALUES (1, 91.4641, 80.1003, 82.4642, 66.9722, 76.5208, 69.011, 69.113, 76.9273, 77.8091, 85.2477, 87.1055, 81.7724, 56.8436, 86.7607, 71.8021, 2023, 6);
INSERT INTO billybangdb.financial_indicators (financial_indicator_id, growth_egr, growth_nigr, growth_oigr, growth_sagr, growth_score, growth_tagr, growth_tdgr, profit_npm, profit_opm, profit_roa, profit_roe, profit_score, stable_cer, stable_der, stable_score, year, provider_id) VALUES (2, 88.0542, 79.4364, 82.5497, 69.9359, 76.4606, 69.3214, 69.4661, 76.1529, 76.3976, 89.2909, 94.0085, 83.9625, 56.1034, 89.7129, 72.9081, 2023, 18);
INSERT INTO billybangdb.financial_indicators (financial_indicator_id, growth_egr, growth_nigr, growth_oigr, growth_sagr, growth_score, growth_tagr, growth_tdgr, profit_npm, profit_opm, profit_roa, profit_roe, profit_score, stable_cer, stable_der, stable_score, year, provider_id) VALUES (3, 93.8586, 76.3183, 77.7429, 69.1677, 76.1981, 70.0666, 70.0346, 82.758, 82.1478, 85.3347, 86.4603, 84.1752, 57.1615, 85.611, 71.3862, 2023, 7);
INSERT INTO billybangdb.financial_indicators (financial_indicator_id, growth_egr, growth_nigr, growth_oigr, growth_sagr, growth_score, growth_tagr, growth_tdgr, profit_npm, profit_opm, profit_roa, profit_roe, profit_score, stable_cer, stable_der, stable_score, year, provider_id) VALUES (4, 68.6094, 73.7598, 73.7339, 85.861, 74.1569, 71.3118, 71.6655, 79.5608, 77.1903, 81.2471, 81.2583, 79.8141, 57.5043, 84.442, 70.9732, 2023, 9);
INSERT INTO billybangdb.financial_indicators (financial_indicator_id, growth_egr, growth_nigr, growth_oigr, growth_sagr, growth_score, growth_tagr, growth_tdgr, profit_npm, profit_opm, profit_roa, profit_roe, profit_score, stable_cer, stable_der, stable_score, year, provider_id) VALUES (5, 65.6364, 75.8543, 78.0354, 77.3018, 73.3985, 71.6003, 71.9627, 79.2287, 78.4585, 81.9695, 84.1404, 80.9493, 56.4624, 88.2295, 72.3459, 2023, 3);
INSERT INTO billybangdb.financial_indicators (financial_indicator_id, growth_egr, growth_nigr, growth_oigr, growth_sagr, growth_score, growth_tagr, growth_tdgr, profit_npm, profit_opm, profit_roa, profit_roe, profit_score, stable_cer, stable_der, stable_score, year, provider_id) VALUES (6, 76.6037, 61.811, 60.2576, 86.0139, 69.449, 65.7061, 66.3018, 63.2803, 61.9883, 65.0639, 63.5956, 63.482, 57.7771, 83.5596, 70.6683, 2023, 14);
INSERT INTO billybangdb.financial_indicators (financial_indicator_id, growth_egr, growth_nigr, growth_oigr, growth_sagr, growth_score, growth_tagr, growth_tdgr, profit_npm, profit_opm, profit_roa, profit_roe, profit_score, stable_cer, stable_der, stable_score, year, provider_id) VALUES (7, 95, 77.0054, 79.5074, 90.8027, 80.5485, 70.5553, 70.4204, 92.8012, 92.6667, 95, 91.9742, 93.1105, 59.0824, 79.8406, 69.4615, 2023, 13);
INSERT INTO billybangdb.financial_indicators (financial_indicator_id, growth_egr, growth_nigr, growth_oigr, growth_sagr, growth_score, growth_tagr, growth_tdgr, profit_npm, profit_opm, profit_roa, profit_roe, profit_score, stable_cer, stable_der, stable_score, year, provider_id) VALUES (8, 89.3935, 77.208, 79.6162, 73.8482, 76.604, 69.737, 69.8209, 80.8897, 81.4492, 85.596, 88.7343, 84.1673, 56.3625, 88.6323, 72.4974, 2023, 10);
INSERT INTO billybangdb.financial_indicators (financial_indicator_id, growth_egr, growth_nigr, growth_oigr, growth_sagr, growth_score, growth_tagr, growth_tdgr, profit_npm, profit_opm, profit_roa, profit_roe, profit_score, stable_cer, stable_der, stable_score, year, provider_id) VALUES (9, 79.1907, 74.4369, 77.0434, 69.8176, 73.3581, 69.7029, 69.9573, 76.2256, 76.4467, 83.5039, 89.5589, 81.4338, 55.144, 94.2388, 74.6914, 2023, 12);
INSERT INTO billybangdb.financial_indicators (financial_indicator_id, growth_egr, growth_nigr, growth_oigr, growth_sagr, growth_score, growth_tagr, growth_tdgr, profit_npm, profit_opm, profit_roa, profit_roe, profit_score, stable_cer, stable_der, stable_score, year, provider_id) VALUES (10, 81.3827, 95, 95, 55, 72.8482, 55.1263, 55.5801, 82.1897, 82.0224, 90.2164, 75.089, 82.3794, 70.3834, 64.1841, 67.2837, 2023, 11);
INSERT INTO billybangdb.financial_indicators (financial_indicator_id, growth_egr, growth_nigr, growth_oigr, growth_sagr, growth_score, growth_tagr, growth_tdgr, profit_npm, profit_opm, profit_roa, profit_roe, profit_score, stable_cer, stable_der, stable_score, year, provider_id) VALUES (11, 75.2373, 58.6996, 58.9188, 76.4999, 63.4423, 55, 56.2985, 62.5624, 62.0177, 65.5499, 63.302, 63.358, 61.4584, 74.6671, 68.0628, 2023, 52);
INSERT INTO billybangdb.financial_indicators (financial_indicator_id, growth_egr, growth_nigr, growth_oigr, growth_sagr, growth_score, growth_tagr, growth_tdgr, profit_npm, profit_opm, profit_roa, profit_roe, profit_score, stable_cer, stable_der, stable_score, year, provider_id) VALUES (12, 70.408, 74.1251, 76.0476, 74.6406, 67.7469, 56.2598, 55, 72.1412, 68.4284, 78.554, 64.8638, 70.9968, 95, 55, 75, 2023, 43);
INSERT INTO billybangdb.financial_indicators (financial_indicator_id, growth_egr, growth_nigr, growth_oigr, growth_sagr, growth_score, growth_tagr, growth_tdgr, profit_npm, profit_opm, profit_roa, profit_roe, profit_score, stable_cer, stable_der, stable_score, year, provider_id) VALUES (13, 70.9086, 63.2168, 63.9262, 70.8761, 65.8531, 62.7545, 63.4365, 75.3327, 74.2003, 85.4572, 75.2584, 77.5621, 65.9614, 68.2154, 67.0884, 2023, 41);
INSERT INTO billybangdb.financial_indicators (financial_indicator_id, growth_egr, growth_nigr, growth_oigr, growth_sagr, growth_score, growth_tagr, growth_tdgr, profit_npm, profit_opm, profit_roa, profit_roe, profit_score, stable_cer, stable_der, stable_score, year, provider_id) VALUES (14, 68.8095, 55, 55, 72.329, 61.8981, 59.6072, 60.6432, 55, 55, 55, 55, 55, 62.1821, 73.3905, 67.7863, 2023, 32);
INSERT INTO billybangdb.financial_indicators (financial_indicator_id, growth_egr, growth_nigr, growth_oigr, growth_sagr, growth_score, growth_tagr, growth_tdgr, profit_npm, profit_opm, profit_roa, profit_roe, profit_score, stable_cer, stable_der, stable_score, year, provider_id) VALUES (15, 87.5552, 77.7761, 80.0429, 81.0779, 77.7152, 69.8585, 69.9808, 79.5185, 82.9549, 79.4343, 84.3784, 81.5715, 55, 95, 75, 2023, 8);
INSERT INTO billybangdb.financial_indicators (financial_indicator_id, growth_egr, growth_nigr, growth_oigr, growth_sagr, growth_score, growth_tagr, growth_tdgr, profit_npm, profit_opm, profit_roa, profit_roe, profit_score, stable_cer, stable_der, stable_score, year, provider_id) VALUES (16, 87.9834, 83.9205, 87.3344, 95, 90.7064, 95, 95, 94.692, 95, 87.4486, 78.4667, 88.9018, 63.7524, 70.9749, 67.3637, 2023, 15);
INSERT INTO billybangdb.financial_indicators (financial_indicator_id, growth_egr, growth_nigr, growth_oigr, growth_sagr, growth_score, growth_tagr, growth_tdgr, profit_npm, profit_opm, profit_roa, profit_roe, profit_score, stable_cer, stable_der, stable_score, year, provider_id) VALUES (17, 55, 75.5224, 75.1545, 85.7259, 72.1253, 70.3355, 71.0138, 84.3717, 81.1093, 81.7948, 83.4509, 82.6816, 56.6866, 87.3529, 72.0198, 2023, 4);
INSERT INTO billybangdb.financial_indicators (financial_indicator_id, growth_egr, growth_nigr, growth_oigr, growth_sagr, growth_score, growth_tagr, growth_tdgr, profit_npm, profit_opm, profit_roa, profit_roe, profit_score, stable_cer, stable_der, stable_score, year, provider_id) VALUES (18, 74.2218, 75.7357, 77.7761, 85.821, 75.7687, 70.3802, 70.6775, 95, 93.9522, 93.4911, 95, 94.3608, 57.3582, 84.9316, 71.1449, 2023, 5);
INSERT INTO billybangdb.financial_indicators (financial_indicator_id, growth_egr, growth_nigr, growth_oigr, growth_sagr, growth_score, growth_tagr, growth_tdgr, profit_npm, profit_opm, profit_roa, profit_roe, profit_score, stable_cer, stable_der, stable_score, year, provider_id) VALUES (19, 57.8767, 56.5348, 56.5026, 55.9865, 60.8192, 67.5735, 70.441, 82.6964, 81.4849, 77.719, 84.1989, 81.5248, 79.9113, 58.4885, 69.1999, 2022, 59);
INSERT INTO billybangdb.financial_indicators (financial_indicator_id, growth_egr, growth_nigr, growth_oigr, growth_sagr, growth_score, growth_tagr, growth_tdgr, profit_npm, profit_opm, profit_roa, profit_roe, profit_score, stable_cer, stable_der, stable_score, year, provider_id) VALUES (20, 56.8803, 56.3121, 56.2179, 57.5277, 58.1506, 60.4888, 61.4771, 74.5253, 73.3499, 69.3852, 83.986, 75.3116, 59.3616, 77.5247, 68.4431, 2022, 6);
INSERT INTO billybangdb.financial_indicators (financial_indicator_id, growth_egr, growth_nigr, growth_oigr, growth_sagr, growth_score, growth_tagr, growth_tdgr, profit_npm, profit_opm, profit_roa, profit_roe, profit_score, stable_cer, stable_der, stable_score, year, provider_id) VALUES (21, 59.1934, 55.9724, 55.8651, 56.128, 61.1426, 68.9463, 70.7503, 77.3792, 76.8843, 72.9883, 84.4939, 77.9364, 67.1835, 65.5915, 66.3875, 2022, 46);
INSERT INTO billybangdb.financial_indicators (financial_indicator_id, growth_egr, growth_nigr, growth_oigr, growth_sagr, growth_score, growth_tagr, growth_tdgr, profit_npm, profit_opm, profit_roa, profit_roe, profit_score, stable_cer, stable_der, stable_score, year, provider_id) VALUES (22, 59.7397, 55.9022, 55.8242, 56.1073, 59.4573, 64.1236, 65.0466, 77.6178, 77.0165, 72.8993, 86.0549, 78.3971, 63.4641, 69.8069, 66.6355, 2022, 23);
INSERT INTO billybangdb.financial_indicators (financial_indicator_id, growth_egr, growth_nigr, growth_oigr, growth_sagr, growth_score, growth_tagr, growth_tdgr, profit_npm, profit_opm, profit_roa, profit_roe, profit_score, stable_cer, stable_der, stable_score, year, provider_id) VALUES (23, 59.9081, 56.1568, 56.0677, 56.2532, 58.3627, 60.6268, 61.1635, 78.4629, 78.0222, 72.1366, 85.3532, 78.4937, 63.2327, 70.135, 66.6838, 2022, 28);
INSERT INTO billybangdb.financial_indicators (financial_indicator_id, growth_egr, growth_nigr, growth_oigr, growth_sagr, growth_score, growth_tagr, growth_tdgr, profit_npm, profit_opm, profit_roa, profit_roe, profit_score, stable_cer, stable_der, stable_score, year, provider_id) VALUES (24, 58.4233, 56.0557, 56.2148, 56.2431, 57.0196, 57.3708, 57.8099, 80.7368, 80.6485, 75.259, 87.8375, 81.1205, 64.603, 68.3213, 66.4621, 2022, 51);
INSERT INTO billybangdb.financial_indicators (financial_indicator_id, growth_egr, growth_nigr, growth_oigr, growth_sagr, growth_score, growth_tagr, growth_tdgr, profit_npm, profit_opm, profit_roa, profit_roe, profit_score, stable_cer, stable_der, stable_score, year, provider_id) VALUES (25, 60.8754, 56.1609, 56.0513, 56.3915, 57.7214, 58.3408, 58.5082, 78.4056, 78.0991, 78.1156, 91.4941, 81.5286, 63.6337, 69.5724, 66.603, 2022, 40);
INSERT INTO billybangdb.financial_indicators (financial_indicator_id, growth_egr, growth_nigr, growth_oigr, growth_sagr, growth_score, growth_tagr, growth_tdgr, profit_npm, profit_opm, profit_roa, profit_roe, profit_score, stable_cer, stable_der, stable_score, year, provider_id) VALUES (26, 57.4319, 56.451, 56.3106, 57.3419, 59.4637, 64.0252, 65.2216, 74.6753, 73.2879, 70.3769, 85.8567, 76.0492, 58.7452, 79.1711, 68.9582, 2022, 18);
INSERT INTO billybangdb.financial_indicators (financial_indicator_id, growth_egr, growth_nigr, growth_oigr, growth_sagr, growth_score, growth_tagr, growth_tdgr, profit_npm, profit_opm, profit_roa, profit_roe, profit_score, stable_cer, stable_der, stable_score, year, provider_id) VALUES (27, 55.2843, 55.3872, 55.6557, 56.8271, 58.9887, 64.2502, 66.5276, 72.324, 71.4185, 66.1012, 78.4517, 72.0738, 68.2573, 64.6557, 66.4565, 2022, 1);
INSERT INTO billybangdb.financial_indicators (financial_indicator_id, growth_egr, growth_nigr, growth_oigr, growth_sagr, growth_score, growth_tagr, growth_tdgr, profit_npm, profit_opm, profit_roa, profit_roe, profit_score, stable_cer, stable_der, stable_score, year, provider_id) VALUES (28, 57.9357, 56.3865, 56.2904, 56.9538, 58.5406, 61.3791, 62.2982, 76.3801, 75.6166, 70.3991, 85.1785, 76.8935, 59.7723, 76.5194, 68.1458, 2022, 7);
INSERT INTO billybangdb.financial_indicators (financial_indicator_id, growth_egr, growth_nigr, growth_oigr, growth_sagr, growth_score, growth_tagr, growth_tdgr, profit_npm, profit_opm, profit_roa, profit_roe, profit_score, stable_cer, stable_der, stable_score, year, provider_id) VALUES (29, 57.1449, 56.3718, 56.2521, 56.6822, 58.5241, 61.788, 62.9054, 78.1405, 77.6548, 70.2135, 83.9436, 77.4881, 61.5986, 72.7591, 67.1789, 2022, 9);
INSERT INTO billybangdb.financial_indicators (financial_indicator_id, growth_egr, growth_nigr, growth_oigr, growth_sagr, growth_score, growth_tagr, growth_tdgr, profit_npm, profit_opm, profit_roa, profit_roe, profit_score, stable_cer, stable_der, stable_score, year, provider_id) VALUES (30, 57.0292, 56.4167, 56.2829, 56.8944, 57.5601, 58.9457, 59.792, 76.5379, 75.4659, 69.801, 83.9367, 76.4353, 60.5365, 74.8176, 67.6771, 2022, 3);
INSERT INTO billybangdb.financial_indicators (financial_indicator_id, growth_egr, growth_nigr, growth_oigr, growth_sagr, growth_score, growth_tagr, growth_tdgr, profit_npm, profit_opm, profit_roa, profit_roe, profit_score, stable_cer, stable_der, stable_score, year, provider_id) VALUES (31, 56.4198, 56.4813, 56.3161, 56.4656, 57.6007, 59.4672, 60.454, 75.8728, 74.3067, 67.5171, 80.9546, 74.6628, 60.482, 74.9323, 67.7072, 2022, 14);
INSERT INTO billybangdb.financial_indicators (financial_indicator_id, growth_egr, growth_nigr, growth_oigr, growth_sagr, growth_score, growth_tagr, growth_tdgr, profit_npm, profit_opm, profit_roa, profit_roe, profit_score, stable_cer, stable_der, stable_score, year, provider_id) VALUES (32, 57.8358, 56.3605, 56.2521, 56.4161, 59.1198, 63.345, 64.5091, 81.363, 81.8414, 72.5164, 86.5491, 80.5675, 61.8887, 72.2497, 67.0692, 2022, 13);
INSERT INTO billybangdb.financial_indicators (financial_indicator_id, growth_egr, growth_nigr, growth_oigr, growth_sagr, growth_score, growth_tagr, growth_tdgr, profit_npm, profit_opm, profit_roa, profit_roe, profit_score, stable_cer, stable_der, stable_score, year, provider_id) VALUES (33, 58.442, 58.3738, 58.3524, 55, 60.0127, 64.4288, 65.4793, 75.4103, 74.0258, 68.2526, 83.3752, 75.266, 57.3367, 83.7087, 70.5227, 2022, 2);
INSERT INTO billybangdb.financial_indicators (financial_indicator_id, growth_egr, growth_nigr, growth_oigr, growth_sagr, growth_score, growth_tagr, growth_tdgr, profit_npm, profit_opm, profit_roa, profit_roe, profit_score, stable_cer, stable_der, stable_score, year, provider_id) VALUES (34, 58.2271, 56.4643, 56.2832, 57.0005, 57.9039, 59.3658, 60.0823, 76.2671, 75.5098, 70.185, 85.3576, 76.8299, 59.0374, 78.3687, 68.703, 2022, 10);
INSERT INTO billybangdb.financial_indicators (financial_indicator_id, growth_egr, growth_nigr, growth_oigr, growth_sagr, growth_score, growth_tagr, growth_tdgr, profit_npm, profit_opm, profit_roa, profit_roe, profit_score, stable_cer, stable_der, stable_score, year, provider_id) VALUES (35, 57.511, 56.4606, 56.3498, 56.9595, 58.0853, 60.1837, 61.0472, 75.503, 74.3005, 70.4959, 86.5808, 76.7201, 58.0815, 81.1587, 69.6201, 2022, 12);
INSERT INTO billybangdb.financial_indicators (financial_indicator_id, growth_egr, growth_nigr, growth_oigr, growth_sagr, growth_score, growth_tagr, growth_tdgr, profit_npm, profit_opm, profit_roa, profit_roe, profit_score, stable_cer, stable_der, stable_score, year, provider_id) VALUES (36, 57.007, 55, 55, 57.4435, 55.9619, 55.4578, 55.8634, 73.3393, 71.8481, 67.547, 79.4825, 73.0542, 69.847, 63.4354, 66.6412, 2022, 11);
INSERT INTO billybangdb.financial_indicators (financial_indicator_id, growth_egr, growth_nigr, growth_oigr, growth_sagr, growth_score, growth_tagr, growth_tdgr, profit_npm, profit_opm, profit_roa, profit_roe, profit_score, stable_cer, stable_der, stable_score, year, provider_id) VALUES (37, 61.1312, 55.8457, 55.7514, 56.2082, 57.7051, 58.5535, 58.7404, 76.3131, 75.0284, 71.9359, 85.4053, 77.1707, 62.7027, 70.9243, 66.8135, 2022, 56);
INSERT INTO billybangdb.financial_indicators (financial_indicator_id, growth_egr, growth_nigr, growth_oigr, growth_sagr, growth_score, growth_tagr, growth_tdgr, profit_npm, profit_opm, profit_roa, profit_roe, profit_score, stable_cer, stable_der, stable_score, year, provider_id) VALUES (38, 60.7379, 55.9904, 55.9141, 56.1514, 59.3334, 63.2756, 63.9308, 78.6419, 78.4645, 77.0491, 90.4973, 81.1632, 63.469, 69.8, 66.6345, 2022, 39);
INSERT INTO billybangdb.financial_indicators (financial_indicator_id, growth_egr, growth_nigr, growth_oigr, growth_sagr, growth_score, growth_tagr, growth_tdgr, profit_npm, profit_opm, profit_roa, profit_roe, profit_score, stable_cer, stable_der, stable_score, year, provider_id) VALUES (39, 57.7294, 55.959, 55.9046, 56.0352, 58.1916, 61.2267, 62.2949, 84.0232, 84.8556, 79.7515, 89.0267, 84.4143, 69.4554, 63.7196, 66.5875, 2022, 61);
INSERT INTO billybangdb.financial_indicators (financial_indicator_id, growth_egr, growth_nigr, growth_oigr, growth_sagr, growth_score, growth_tagr, growth_tdgr, profit_npm, profit_opm, profit_roa, profit_roe, profit_score, stable_cer, stable_der, stable_score, year, provider_id) VALUES (40, 57.2907, 55.7411, 55.6927, 56.0196, 56.8125, 57.7278, 58.4031, 78.2246, 78.3153, 73.346, 85.1798, 78.7664, 66.2364, 66.5061, 66.3712, 2022, 37);
INSERT INTO billybangdb.financial_indicators (financial_indicator_id, growth_egr, growth_nigr, growth_oigr, growth_sagr, growth_score, growth_tagr, growth_tdgr, profit_npm, profit_opm, profit_roa, profit_roe, profit_score, stable_cer, stable_der, stable_score, year, provider_id) VALUES (41, 59.6705, 55.9234, 55.8531, 56.2902, 56.2895, 55, 55, 77.4767, 77.0379, 74.2352, 86.6511, 78.8502, 64.9029, 67.9624, 66.4327, 2022, 42);
INSERT INTO billybangdb.financial_indicators (financial_indicator_id, growth_egr, growth_nigr, growth_oigr, growth_sagr, growth_score, growth_tagr, growth_tdgr, profit_npm, profit_opm, profit_roa, profit_roe, profit_score, stable_cer, stable_der, stable_score, year, provider_id) VALUES (42, 57.5393, 56.5397, 56.3797, 56.4255, 59.9152, 65.567, 67.04, 80.9074, 80.521, 74.1045, 88.3373, 80.9676, 62.0198, 72.0262, 67.023, 2022, 52);
INSERT INTO billybangdb.financial_indicators (financial_indicator_id, growth_egr, growth_nigr, growth_oigr, growth_sagr, growth_score, growth_tagr, growth_tdgr, profit_npm, profit_opm, profit_roa, profit_roe, profit_score, stable_cer, stable_der, stable_score, year, provider_id) VALUES (43, 70.554, 56.4996, 56.3655, 56.8417, 66.0473, 77.8089, 78.214, 81.7784, 81.9631, 76.3935, 88.8789, 82.2535, 64.7414, 68.1541, 66.4477, 2022, 55);
INSERT INTO billybangdb.financial_indicators (financial_indicator_id, growth_egr, growth_nigr, growth_oigr, growth_sagr, growth_score, growth_tagr, growth_tdgr, profit_npm, profit_opm, profit_roa, profit_roe, profit_score, stable_cer, stable_der, stable_score, year, provider_id) VALUES (44, 66.0477, 56.3031, 56.263, 56.9273, 66.5887, 81.1661, 82.8253, 80.5298, 80.4035, 74.0667, 87.0109, 80.5027, 63.953, 69.1439, 66.5485, 2022, 54);
INSERT INTO billybangdb.financial_indicators (financial_indicator_id, growth_egr, growth_nigr, growth_oigr, growth_sagr, growth_score, growth_tagr, growth_tdgr, profit_npm, profit_opm, profit_roa, profit_roe, profit_score, stable_cer, stable_der, stable_score, year, provider_id) VALUES (45, 62.5609, 56.2849, 56.4182, 56.3071, 59.0673, 61.2749, 61.5581, 80.0334, 79.9573, 75.4025, 90.848, 81.5603, 60.9616, 73.9548, 67.4582, 2022, 35);
INSERT INTO billybangdb.financial_indicators (financial_indicator_id, growth_egr, growth_nigr, growth_oigr, growth_sagr, growth_score, growth_tagr, growth_tdgr, profit_npm, profit_opm, profit_roa, profit_roe, profit_score, stable_cer, stable_der, stable_score, year, provider_id) VALUES (46, 55, 55.5904, 55.4844, 56.3547, 59.3039, 64.1035, 69.2904, 74.9595, 72.4012, 68.4598, 78.7021, 73.6306, 95, 55, 75, 2022, 43);
INSERT INTO billybangdb.financial_indicators (financial_indicator_id, growth_egr, growth_nigr, growth_oigr, growth_sagr, growth_score, growth_tagr, growth_tdgr, profit_npm, profit_opm, profit_roa, profit_roe, profit_score, stable_cer, stable_der, stable_score, year, provider_id) VALUES (47, 64.8051, 56.1611, 56.0384, 56.5104, 65.6896, 79.4617, 81.1608, 78.7437, 78.3023, 72.983, 86.0861, 79.0288, 63.5715, 69.6578, 66.6146, 2022, 58);
INSERT INTO billybangdb.financial_indicators (financial_indicator_id, growth_egr, growth_nigr, growth_oigr, growth_sagr, growth_score, growth_tagr, growth_tdgr, profit_npm, profit_opm, profit_roa, profit_roe, profit_score, stable_cer, stable_der, stable_score, year, provider_id) VALUES (48, 76.5312, 56.7677, 56.6407, 56.4045, 62.9744, 66.5343, 64.9678, 78.4311, 77.2215, 72.1572, 83.6951, 77.8763, 67.4231, 65.3739, 66.3985, 2022, 26);
INSERT INTO billybangdb.financial_indicators (financial_indicator_id, growth_egr, growth_nigr, growth_oigr, growth_sagr, growth_score, growth_tagr, growth_tdgr, profit_npm, profit_opm, profit_roa, profit_roe, profit_score, stable_cer, stable_der, stable_score, year, provider_id) VALUES (49, 58.4071, 56.0525, 55.9781, 56.0324, 57.1743, 58.1267, 58.4491, 83.3271, 84.0343, 76.7414, 84.4364, 82.1348, 76.4484, 59.8024, 68.1254, 2022, 50);
INSERT INTO billybangdb.financial_indicators (financial_indicator_id, growth_egr, growth_nigr, growth_oigr, growth_sagr, growth_score, growth_tagr, growth_tdgr, profit_npm, profit_opm, profit_roa, profit_roe, profit_score, stable_cer, stable_der, stable_score, year, provider_id) VALUES (50, 58.3286, 56.0904, 56.0549, 56.3897, 59.3059, 63.8712, 65.1008, 78.4625, 78.5008, 70.8668, 83.0212, 77.7128, 65.8889, 66.8652, 66.3771, 2022, 34);
INSERT INTO billybangdb.financial_indicators (financial_indicator_id, growth_egr, growth_nigr, growth_oigr, growth_sagr, growth_score, growth_tagr, growth_tdgr, profit_npm, profit_opm, profit_roa, profit_roe, profit_score, stable_cer, stable_der, stable_score, year, provider_id) VALUES (51, 56.5917, 55.7059, 55.6215, 56.4139, 61.5681, 70.8432, 74.2322, 74.8281, 72.7181, 68.16, 79.8747, 73.8952, 70.5389, 62.957, 66.7479, 2022, 47);
INSERT INTO billybangdb.financial_indicators (financial_indicator_id, growth_egr, growth_nigr, growth_oigr, growth_sagr, growth_score, growth_tagr, growth_tdgr, profit_npm, profit_opm, profit_roa, profit_roe, profit_score, stable_cer, stable_der, stable_score, year, provider_id) VALUES (52, 58.7188, 56.2421, 56.0692, 55.8478, 56.9384, 57.582, 57.1703, 95, 95, 95, 88.2642, 93.3161, 94.9638, 55.0057, 74.9848, 2022, 31);
INSERT INTO billybangdb.financial_indicators (financial_indicator_id, growth_egr, growth_nigr, growth_oigr, growth_sagr, growth_score, growth_tagr, growth_tdgr, profit_npm, profit_opm, profit_roa, profit_roe, profit_score, stable_cer, stable_der, stable_score, year, provider_id) VALUES (53, 73.7688, 95, 95, 56.7687, 76.9435, 70.9801, 70.1437, 78.4778, 78.0982, 75.6306, 87.0124, 79.8047, 66.7287, 66.0194, 66.3741, 2022, 21);
INSERT INTO billybangdb.financial_indicators (financial_indicator_id, growth_egr, growth_nigr, growth_oigr, growth_sagr, growth_score, growth_tagr, growth_tdgr, profit_npm, profit_opm, profit_roa, profit_roe, profit_score, stable_cer, stable_der, stable_score, year, provider_id) VALUES (54, 64.8708, 57.7792, 58.644, 56.935, 62.7317, 68.7929, 69.3684, 82.2725, 82.7316, 78.2103, 95, 84.5536, 60.5155, 74.8618, 67.6886, 2022, 36);
INSERT INTO billybangdb.financial_indicators (financial_indicator_id, growth_egr, growth_nigr, growth_oigr, growth_sagr, growth_score, growth_tagr, growth_tdgr, profit_npm, profit_opm, profit_roa, profit_roe, profit_score, stable_cer, stable_der, stable_score, year, provider_id) VALUES (55, 61.8417, 56.1536, 56.0424, 56.2822, 61.5993, 69.1152, 70.1609, 78.2046, 77.4886, 72.9427, 87.3622, 78.9995, 61.4472, 73.0334, 67.2403, 2022, 45);
INSERT INTO billybangdb.financial_indicators (financial_indicator_id, growth_egr, growth_nigr, growth_oigr, growth_sagr, growth_score, growth_tagr, growth_tdgr, profit_npm, profit_opm, profit_roa, profit_roe, profit_score, stable_cer, stable_der, stable_score, year, provider_id) VALUES (56, 58.2791, 56.375, 56.2423, 56.5988, 60.5662, 67.0959, 68.8061, 78.9406, 77.4212, 71.5148, 83.5562, 77.8582, 66.0906, 66.6551, 66.3728, 2022, 20);
INSERT INTO billybangdb.financial_indicators (financial_indicator_id, growth_egr, growth_nigr, growth_oigr, growth_sagr, growth_score, growth_tagr, growth_tdgr, profit_npm, profit_opm, profit_roa, profit_roe, profit_score, stable_cer, stable_der, stable_score, year, provider_id) VALUES (57, 58.8278, 56.094, 56.0188, 55.9628, 57.6656, 59.2911, 59.7994, 82.1858, 82.717, 81.3623, 90.5949, 84.215, 68.9344, 64.1138, 66.5241, 2022, 41);
INSERT INTO billybangdb.financial_indicators (financial_indicator_id, growth_egr, growth_nigr, growth_oigr, growth_sagr, growth_score, growth_tagr, growth_tdgr, profit_npm, profit_opm, profit_roa, profit_roe, profit_score, stable_cer, stable_der, stable_score, year, provider_id) VALUES (58, 57.0104, 56.1543, 56.0522, 56.1841, 57.4933, 59.3189, 60.2398, 78.7569, 77.8609, 71.732, 84.2959, 78.1614, 64.6384, 68.2783, 66.4583, 2022, 49);
INSERT INTO billybangdb.financial_indicators (financial_indicator_id, growth_egr, growth_nigr, growth_oigr, growth_sagr, growth_score, growth_tagr, growth_tdgr, profit_npm, profit_opm, profit_roa, profit_roe, profit_score, stable_cer, stable_der, stable_score, year, provider_id) VALUES (59, 58.1498, 56.3076, 56.0765, 56.2164, 65.0847, 79.4278, 84.3304, 83.3095, 81.4902, 77.2978, 86.4135, 82.1277, 71.1624, 62.5498, 66.8561, 2022, 53);
INSERT INTO billybangdb.financial_indicators (financial_indicator_id, growth_egr, growth_nigr, growth_oigr, growth_sagr, growth_score, growth_tagr, growth_tdgr, profit_npm, profit_opm, profit_roa, profit_roe, profit_score, stable_cer, stable_der, stable_score, year, provider_id) VALUES (60, 62.3826, 56.1708, 56.0511, 56.2372, 62.4474, 71.2631, 72.5798, 81.4698, 79.6894, 82.2141, 92.0818, 83.8638, 67.7574, 65.0791, 66.4182, 2022, 29);
INSERT INTO billybangdb.financial_indicators (financial_indicator_id, growth_egr, growth_nigr, growth_oigr, growth_sagr, growth_score, growth_tagr, growth_tdgr, profit_npm, profit_opm, profit_roa, profit_roe, profit_score, stable_cer, stable_der, stable_score, year, provider_id) VALUES (61, 59.8974, 56.0877, 56.2773, 62.0145, 64.8671, 76.2064, 78.7191, 80.0295, 80.1161, 76.7712, 89.6055, 81.6306, 64.2451, 68.7663, 66.5057, 2022, 32);
INSERT INTO billybangdb.financial_indicators (financial_indicator_id, growth_egr, growth_nigr, growth_oigr, growth_sagr, growth_score, growth_tagr, growth_tdgr, profit_npm, profit_opm, profit_roa, profit_roe, profit_score, stable_cer, stable_der, stable_score, year, provider_id) VALUES (62, 55.3582, 55.3055, 55.7472, 56.1282, 61.1875, 70.8016, 73.7842, 72.7641, 75.9915, 66.0808, 78.6883, 73.3812, 64.2126, 68.8077, 66.5101, 2022, 30);
INSERT INTO billybangdb.financial_indicators (financial_indicator_id, growth_egr, growth_nigr, growth_oigr, growth_sagr, growth_score, growth_tagr, growth_tdgr, profit_npm, profit_opm, profit_roa, profit_roe, profit_score, stable_cer, stable_der, stable_score, year, provider_id) VALUES (63, 59.2042, 56.3909, 56.272, 56.474, 60.1963, 65.7701, 67.0668, 83.3867, 83.6405, 76.3543, 87.7695, 82.7877, 66.5186, 66.224, 66.3713, 2022, 60);
INSERT INTO billybangdb.financial_indicators (financial_indicator_id, growth_egr, growth_nigr, growth_oigr, growth_sagr, growth_score, growth_tagr, growth_tdgr, profit_npm, profit_opm, profit_roa, profit_roe, profit_score, stable_cer, stable_der, stable_score, year, provider_id) VALUES (64, 60.8045, 55.8014, 55.8485, 55.9057, 57.2894, 57.9654, 57.411, 83.3133, 82.8026, 82.2904, 86.844, 83.8126, 79.1123, 58.7661, 68.9392, 2022, 38);
INSERT INTO billybangdb.financial_indicators (financial_indicator_id, growth_egr, growth_nigr, growth_oigr, growth_sagr, growth_score, growth_tagr, growth_tdgr, profit_npm, profit_opm, profit_roa, profit_roe, profit_score, stable_cer, stable_der, stable_score, year, provider_id) VALUES (65, 74.6625, 56.3873, 56.285, 56.4247, 64.1414, 71.3378, 69.751, 80.8974, 81.4527, 74.0156, 83.5796, 79.9863, 72.9261, 61.506, 67.2161, 2022, 27);
INSERT INTO billybangdb.financial_indicators (financial_indicator_id, growth_egr, growth_nigr, growth_oigr, growth_sagr, growth_score, growth_tagr, growth_tdgr, profit_npm, profit_opm, profit_roa, profit_roe, profit_score, stable_cer, stable_der, stable_score, year, provider_id) VALUES (66, 63.7435, 55.7527, 55.6704, 56.535, 61.6822, 68.8394, 69.5521, 75.1304, 73.7922, 68.6682, 81.8619, 74.8632, 62.2498, 71.6437, 66.9467, 2022, 33);
INSERT INTO billybangdb.financial_indicators (financial_indicator_id, growth_egr, growth_nigr, growth_oigr, growth_sagr, growth_score, growth_tagr, growth_tdgr, profit_npm, profit_opm, profit_roa, profit_roe, profit_score, stable_cer, stable_der, stable_score, year, provider_id) VALUES (67, 56.1086, 55.1986, 55.1829, 56.1575, 56.5839, 57.9164, 58.9393, 71.9531, 69.752, 64.8905, 77.4453, 71.0102, 71.5296, 62.3198, 66.9247, 2022, 19);
INSERT INTO billybangdb.financial_indicators (financial_indicator_id, growth_egr, growth_nigr, growth_oigr, growth_sagr, growth_score, growth_tagr, growth_tdgr, profit_npm, profit_opm, profit_roa, profit_roe, profit_score, stable_cer, stable_der, stable_score, year, provider_id) VALUES (68, 57.8627, 55.7866, 55.7562, 56.3139, 60.7747, 68.5779, 70.3512, 75.1268, 73.9392, 68.4164, 81.6022, 74.7711, 62.1371, 71.8296, 66.9834, 2022, 25);
INSERT INTO billybangdb.financial_indicators (financial_indicator_id, growth_egr, growth_nigr, growth_oigr, growth_sagr, growth_score, growth_tagr, growth_tdgr, profit_npm, profit_opm, profit_roa, profit_roe, profit_score, stable_cer, stable_der, stable_score, year, provider_id) VALUES (69, 56.5921, 55.6865, 55.6557, 56.5589, 59.2796, 64.582, 66.6021, 74.4769, 73.3034, 67.8655, 79.7089, 73.8387, 70.0142, 63.3171, 66.6656, 2022, 57);
INSERT INTO billybangdb.financial_indicators (financial_indicator_id, growth_egr, growth_nigr, growth_oigr, growth_sagr, growth_score, growth_tagr, growth_tdgr, profit_npm, profit_opm, profit_roa, profit_roe, profit_score, stable_cer, stable_der, stable_score, year, provider_id) VALUES (70, 60.0297, 56.343, 56.2181, 56.5349, 58.3307, 60.1358, 60.7226, 76.4847, 76.7328, 68.6585, 83.8897, 76.4414, 57.6263, 82.6727, 70.1495, 2022, 8);
INSERT INTO billybangdb.financial_indicators (financial_indicator_id, growth_egr, growth_nigr, growth_oigr, growth_sagr, growth_score, growth_tagr, growth_tdgr, profit_npm, profit_opm, profit_roa, profit_roe, profit_score, stable_cer, stable_der, stable_score, year, provider_id) VALUES (71, 57.1807, 59.0586, 58.7272, 57.6651, 63.0394, 71.3722, 74.2324, 79.0973, 77.3501, 69.1729, 81.179, 76.6998, 67.1821, 65.5928, 66.3875, 2022, 16);
INSERT INTO billybangdb.financial_indicators (financial_indicator_id, growth_egr, growth_nigr, growth_oigr, growth_sagr, growth_score, growth_tagr, growth_tdgr, profit_npm, profit_opm, profit_roa, profit_roe, profit_score, stable_cer, stable_der, stable_score, year, provider_id) VALUES (72, 57.2019, 56.5353, 56.485, 56.7907, 58.7744, 62.0735, 63.5598, 79.7811, 79.882, 70.5905, 81.1426, 77.849, 73.8287, 61.026, 67.4274, 2022, 15);
INSERT INTO billybangdb.financial_indicators (financial_indicator_id, growth_egr, growth_nigr, growth_oigr, growth_sagr, growth_score, growth_tagr, growth_tdgr, profit_npm, profit_opm, profit_roa, profit_roe, profit_score, stable_cer, stable_der, stable_score, year, provider_id) VALUES (73, 71.9018, 57.1337, 56.9874, 56.7072, 62.2512, 65.8051, 64.9718, 80.9804, 81.4743, 77.9325, 89.977, 82.591, 65.3284, 67.474, 66.4012, 2022, 44);
INSERT INTO billybangdb.financial_indicators (financial_indicator_id, growth_egr, growth_nigr, growth_oigr, growth_sagr, growth_score, growth_tagr, growth_tdgr, profit_npm, profit_opm, profit_roa, profit_roe, profit_score, stable_cer, stable_der, stable_score, year, provider_id) VALUES (74, 57.3328, 56.253, 56.1589, 56.6075, 65.4997, 81.434, 85.2123, 79.6869, 79.3019, 72.419, 86.3206, 79.4321, 62.0702, 71.9413, 67.0058, 2022, 22);
INSERT INTO billybangdb.financial_indicators (financial_indicator_id, growth_egr, growth_nigr, growth_oigr, growth_sagr, growth_score, growth_tagr, growth_tdgr, profit_npm, profit_opm, profit_roa, profit_roe, profit_score, stable_cer, stable_der, stable_score, year, provider_id) VALUES (75, 66.0643, 56.0598, 55.9967, 56.0685, 60.8801, 65.5793, 65.5123, 78.7443, 78.7854, 76.2151, 88.2053, 80.4875, 65.5327, 67.2477, 66.3902, 2022, 48);
INSERT INTO billybangdb.financial_indicators (financial_indicator_id, growth_egr, growth_nigr, growth_oigr, growth_sagr, growth_score, growth_tagr, growth_tdgr, profit_npm, profit_opm, profit_roa, profit_roe, profit_score, stable_cer, stable_der, stable_score, year, provider_id) VALUES (76, 56.4976, 55.7254, 55.663, 56.0836, 58.4304, 62.5982, 64.0145, 75.6687, 74.5302, 70.7612, 83.6057, 76.1414, 63.8703, 69.2532, 66.5618, 2022, 24);
INSERT INTO billybangdb.financial_indicators (financial_indicator_id, growth_egr, growth_nigr, growth_oigr, growth_sagr, growth_score, growth_tagr, growth_tdgr, profit_npm, profit_opm, profit_roa, profit_roe, profit_score, stable_cer, stable_der, stable_score, year, provider_id) VALUES (77, 95, 58.615, 58.0264, 95, 82.7736, 95, 95, 55, 55, 55, 55, 55, 55, 95, 75, 2022, 17);
INSERT INTO billybangdb.financial_indicators (financial_indicator_id, growth_egr, growth_nigr, growth_oigr, growth_sagr, growth_score, growth_tagr, growth_tdgr, profit_npm, profit_opm, profit_roa, profit_roe, profit_score, stable_cer, stable_der, stable_score, year, provider_id) VALUES (78, 57.4452, 56.4532, 56.299, 56.4013, 57.6069, 59.1204, 59.9219, 78.8992, 78.6877, 69.7651, 83.5928, 77.7362, 61.1596, 73.5711, 67.3654, 2022, 4);
INSERT INTO billybangdb.financial_indicators (financial_indicator_id, growth_egr, growth_nigr, growth_oigr, growth_sagr, growth_score, growth_tagr, growth_tdgr, profit_npm, profit_opm, profit_roa, profit_roe, profit_score, stable_cer, stable_der, stable_score, year, provider_id) VALUES (79, 56.9751, 56.578, 56.4268, 56.4754, 56.8595, 57.0087, 57.6928, 81.8501, 82.3619, 72.6521, 87.3514, 81.0539, 60.9636, 73.9508, 67.4572, 2022, 5);

INSERT INTO billybangdb.loans (loan_id, billybang_id, guarantee_agency, interest_rate_type, loan_limit, loan_type, ltv, max_interest_rate, max_term, min_interest_rate, min_term, origin_url, product_desc, product_name, provider_id) VALUES (23, 'k1', null, 'VARIABLE', 300, 'PERSONAL', null, 5.53, 120, 4.54, 12, 'https://obank.kbstar.com/quics?page=C103429&cc=b104363:b104516&isNew=N&prcode=LN20000159&QSL=F', '직장인이라면 신청 가능. \'내맘대로 통장자동대출\' 선택 시, 최초 약정한 금액 범위 내에서 사용한도의 자유로운 증액과 감액이 가능하며, 추가 우대금리가 제공됩니다.', 'KB 직장인든든 신용대출', 6);
INSERT INTO billybangdb.loans (loan_id, billybang_id, guarantee_agency, interest_rate_type, loan_limit, loan_type, ltv, max_interest_rate, max_term, min_interest_rate, min_term, origin_url, product_desc, product_name, provider_id) VALUES (24, 'k2', null, 'VARIABLE', 50, 'PERSONAL', null, 5.53, 120, 4.54, 12, 'https://obank.kbstar.com/quics?page=C103429&cc=b104363:b104516&isNew=N&prcode=LN20000159&QSL=F', '직장인이라면 신청 가능. \'내맘대로 통장자동대출\' 선택 시, 최초 약정한 금액 범위 내에서 사용한도의 자유로운 증액과 감액이 가능하며, 추가 우대금리가 제공됩니다.', 'KB 직장인든든 신용대출', 6);
INSERT INTO billybangdb.loans (loan_id, billybang_id, guarantee_agency, interest_rate_type, loan_limit, loan_type, ltv, max_interest_rate, max_term, min_interest_rate, min_term, origin_url, product_desc, product_name, provider_id) VALUES (25, 'k3', null, 'VARIABLE', 300, 'PERSONAL', null, 5.6, 120, 4.61, 12, 'https://obank.kbstar.com/quics?page=C103429&cc=b104363:b104516&isNew=N&prcode=LN20000160&QSL=F', '정규직 공무원 및 교직원 대상. \'내맘대로 통장자동대출\' 선택 시, 최초 약정한 금액 범위 내에서 사용한도의 자유로운 증액과 감액이 가능하며, 추가 우대금리가 제공됩니다.', 'KB 직장인든든 신용대출(공무원/교직원)', 6);
INSERT INTO billybangdb.loans (loan_id, billybang_id, guarantee_agency, interest_rate_type, loan_limit, loan_type, ltv, max_interest_rate, max_term, min_interest_rate, min_term, origin_url, product_desc, product_name, provider_id) VALUES (26, 'k4', null, 'VARIABLE', 50, 'PERSONAL', null, 5.6, 120, 4.61, 12, 'https://obank.kbstar.com/quics?page=C103429&cc=b104363:b104516&isNew=N&prcode=LN20000160&QSL=F', '정규직 공무원 및 교직원 대상. \'내맘대로 통장자동대출\' 선택 시, 최초 약정한 금액 범위 내에서 사용한도의 자유로운 증액과 감액이 가능하며, 추가 우대금리가 제공됩니다.', 'KB 직장인든든 신용대출(공무원/교직원)', 6);
INSERT INTO billybangdb.loans (loan_id, billybang_id, guarantee_agency, interest_rate_type, loan_limit, loan_type, ltv, max_interest_rate, max_term, min_interest_rate, min_term, origin_url, product_desc, product_name, provider_id) VALUES (27, 'k5', null, 'VARIABLE', 300, 'PERSONAL', null, 5.6, 120, 4.61, 12, 'https://obank.kbstar.com/quics?page=C103429&cc=b104363:b104516&isNew=N&prcode=LN20000161&QSL=F', '금융인을 위한. \'내맘대로 통장자동대출\' 선택 시, 최초 약정한 금액 범위 내에서 사용한도의 자유로운 증액과 감액이 가능하며, 추가 우대금리가 제공됩니다.', 'KB 직장인든든 신용대출 (금융인)', 6);
INSERT INTO billybangdb.loans (loan_id, billybang_id, guarantee_agency, interest_rate_type, loan_limit, loan_type, ltv, max_interest_rate, max_term, min_interest_rate, min_term, origin_url, product_desc, product_name, provider_id) VALUES (28, 'k6', null, 'VARIABLE', 50, 'PERSONAL', null, 5.63, 120, 4.64, 12, 'https://obank.kbstar.com/quics?page=C103429&cc=b104363:b104516&isNew=N&prcode=LN20000161&QSL=F', '금융인을 위한. \'내맘대로 통장자동대출\' 선택 시, 최초 약정한 금액 범위 내에서 사용한도의 자유로운 증액과 감액이 가능하며, 추가 우대금리가 제공됩니다.', 'KB 직장인든든 신용대출 (금융인)', 6);
INSERT INTO billybangdb.loans (loan_id, billybang_id, guarantee_agency, interest_rate_type, loan_limit, loan_type, ltv, max_interest_rate, max_term, min_interest_rate, min_term, origin_url, product_desc, product_name, provider_id) VALUES (29, 'k7', null, 'VARIABLE', 300, 'PERSONAL', null, 5.6, 120, 4.61, 12, 'https://obank.kbstar.com/quics?page=C103429&cc=b104363:b104516&isNew=N&prcode=LN20000162&QSL=F', '군인 고객님을 위한. \'내맘대로 통장자동대출\' 선택 시, 최초 약정한 금액 범위 내에서 사용한도의 자유로운 증액과 감액이 가능하며, 추가 우대금리가 제공됩니다.', 'KB 직장인든든 신용대출 (군인)', 6);
INSERT INTO billybangdb.loans (loan_id, billybang_id, guarantee_agency, interest_rate_type, loan_limit, loan_type, ltv, max_interest_rate, max_term, min_interest_rate, min_term, origin_url, product_desc, product_name, provider_id) VALUES (30, 'k8', null, 'VARIABLE', 50, 'PERSONAL', null, 5.6, 120, 4.61, 12, 'https://obank.kbstar.com/quics?page=C103429&cc=b104363:b104516&isNew=N&prcode=LN20000162&QSL=F', '군인 고객님을 위한. \'내맘대로 통장자동대출\' 선택 시, 최초 약정한 금액 범위 내에서 사용한도의 자유로운 증액과 감액이 가능하며, 추가 우대금리가 제공됩니다.', 'KB 직장인든든 신용대출 (군인)', 6);
INSERT INTO billybangdb.loans (loan_id, billybang_id, guarantee_agency, interest_rate_type, loan_limit, loan_type, ltv, max_interest_rate, max_term, min_interest_rate, min_term, origin_url, product_desc, product_name, provider_id) VALUES (31, 'k9', 'HF', 'VARIABLE', 222, 'JEONSE', 80, 6.33, 120, 3.6, 12, 'https://obank.kbstar.com/quics?page=C103507&cc=b104363:b104516&isNew=N&prcode=LN20000026&QSL=F', '전세 신규입주 또는 계약갱신을 하시는 고객님께 최고 임차보증금의 80%까지 한국주택금융공사 보증서 담보로 지원하는 대출상품', 'KB 주택전세자금대출(은행재원 협약보증)', 6);
INSERT INTO billybangdb.loans (loan_id, billybang_id, guarantee_agency, interest_rate_type, loan_limit, loan_type, ltv, max_interest_rate, max_term, min_interest_rate, min_term, origin_url, product_desc, product_name, provider_id) VALUES (32, 'k10', 'HF', 'VARIABLE', 200, 'JEONSE', 90, 5.36, 120, 3.43, 12, 'https://obank.kbstar.com/quics?page=C103507&cc=b104363:b104516&isNew=N&prcode=LN20000166&QSL=F', '전세 신규입주 또는 계약갱신을 하시는 고객님께 임차보증금의 90%까지 한국주택금융공사 보증서 담보로 지원하는 대출상품. 신혼부부 우대금리 0.15%p를 최초 대출기간 만료일까지 추가 적용', 'KB 신혼부부 전세자금대출', 6);
INSERT INTO billybangdb.loans (loan_id, billybang_id, guarantee_agency, interest_rate_type, loan_limit, loan_type, ltv, max_interest_rate, max_term, min_interest_rate, min_term, origin_url, product_desc, product_name, provider_id) VALUES (33, 'k11', 'HF', 'VARIABLE', 200, 'JEONSE', 90, 5.36, 120, 3.43, 12, 'https://obank.kbstar.com/quics?page=C103507&cc=b104363:b104516&isNew=N&prcode=LN20000167&QSL=F', '전세 신규입주 또는 계약갱신을 하시는 고객님께 임차보증금의 90%까지 한국주택금융공사 보증서 담보로 지원하는 대출상품. 다둥이 우대금리 0.15%를 최초 대출기간 만료일까지 추가 적용', 'KB 다둥이 전세자금대출', 6);
INSERT INTO billybangdb.loans (loan_id, billybang_id, guarantee_agency, interest_rate_type, loan_limit, loan_type, ltv, max_interest_rate, max_term, min_interest_rate, min_term, origin_url, product_desc, product_name, provider_id) VALUES (34, 'k12', 'HF', 'VARIABLE', 200, 'JEONSE', 90, 3.64, 24, 3.64, 12, 'https://obank.kbstar.com/quics?page=C103507&cc=b104363:b104516&isNew=N&prcode=LN20000156&QSL=F', '청년층의 주거비용 경감을 위한 금융위원회 정책상품으로 만 19세 이상 만 34세 이하 무주택 청년 대상 은행 대출금리와 한국주택금융공사 보증료 우대 제공. 대학생 등 무소득자도 최대 2억원까지 대출신청 가능', 'KB 청년 맞춤형 전세자금대출', 6);
INSERT INTO billybangdb.loans (loan_id, billybang_id, guarantee_agency, interest_rate_type, loan_limit, loan_type, ltv, max_interest_rate, max_term, min_interest_rate, min_term, origin_url, product_desc, product_name, provider_id) VALUES (35, 'k13', 'HF', 'FIXED', 360, 'MORTGAGE', 70, 5.5, 600, 3.2, 120, 'https://obank.kbstar.com/quics?page=C103557&cc=b104363:b104516&isNew=N&prcode=LN20000101&QSL=F', '한국주택금융공사가 사전에 양수 적격여부를 심사하여 고객의 대출금리를 낮춘 장기 고정금리 상품으로 향후 금리 변동의 위험을 피하고자 하는 고객에게 적합한 상품(인터넷 비대면 약정)', '한국주택금융공사 아낌e-보금자리론', 6);
INSERT INTO billybangdb.loans (loan_id, billybang_id, guarantee_agency, interest_rate_type, loan_limit, loan_type, ltv, max_interest_rate, max_term, min_interest_rate, min_term, origin_url, product_desc, product_name, provider_id) VALUES (36, 'k14', null, 'MIXED', 1000, 'MORTGAGE', null, 3.49, 480, 3.49, 120, 'https://mybank.ibk.co.kr/uib/jsp/index.jsp', 'KB 스타뱅킹 전용 아파트 담보대출', 'KB스타 아파트담보대출(구입자금)', 6);
INSERT INTO billybangdb.loans (loan_id, billybang_id, guarantee_agency, interest_rate_type, loan_limit, loan_type, ltv, max_interest_rate, max_term, min_interest_rate, min_term, origin_url, product_desc, product_name, provider_id) VALUES (37, 'k15', null, 'MIXED', 1000, 'MORTGAGE', null, 3.49, 600, 3.49, 120, 'https://mybank.ibk.co.kr/uib/jsp/index.jsp', 'KB 스타뱅킹 전용 아파트 담보대출', 'KB스타 아파트담보대출(구입자금)', 6);
INSERT INTO billybangdb.loans (loan_id, billybang_id, guarantee_agency, interest_rate_type, loan_limit, loan_type, ltv, max_interest_rate, max_term, min_interest_rate, min_term, origin_url, product_desc, product_name, provider_id) VALUES (38, 'i1', 'HF', 'VARIABLE', 200, 'JEONSE', null, 4.34, 36, 3.826, null, 'https://mybank.ibk.co.kr/uib/jsp/guest/ntr/ntr70/ntr7015/PNTR701500_i2.jsp', '청년층의 주거비 부담을 경감하기 위한 은행권 공동 전월세대출 상품', 'IBK청년전·월세대출', 7);
INSERT INTO billybangdb.loans (loan_id, billybang_id, guarantee_agency, interest_rate_type, loan_limit, loan_type, ltv, max_interest_rate, max_term, min_interest_rate, min_term, origin_url, product_desc, product_name, provider_id) VALUES (39, 'i2', 'HUG', 'VARIABLE', 400, 'JEONSE', 80, 5.473, 25, 4.673, null, 'https://mybank.ibk.co.kr/uib/jsp/guest/ntr/ntr70/ntr7015/PNTR701500_i2.jsp', '전세자금대출 지원과 동시에 임차보증금도 보전하는 전세대출상품', 'IBK안심전세대출', 7);
INSERT INTO billybangdb.loans (loan_id, billybang_id, guarantee_agency, interest_rate_type, loan_limit, loan_type, ltv, max_interest_rate, max_term, min_interest_rate, min_term, origin_url, product_desc, product_name, provider_id) VALUES (40, 'i3', 'HF', 'VARIABLE', 444, 'JEONSE', null, 6.273, 36, 4.674, null, 'https://mybank.ibk.co.kr/uib/jsp/guest/ntr/ntr70/ntr7015/PNTR701500_i2.jsp', '주택임차를 위한 전세자금이 필요한 고객님을 위한 상품', '임차자금', 7);
INSERT INTO billybangdb.loans (loan_id, billybang_id, guarantee_agency, interest_rate_type, loan_limit, loan_type, ltv, max_interest_rate, max_term, min_interest_rate, min_term, origin_url, product_desc, product_name, provider_id) VALUES (41, 'i4', 'HF', 'FIXED', 400, 'JEONSE', null, 4.551, 36, 4.351, null, 'https://mybank.ibk.co.kr/uib/jsp/guest/ntr/ntr70/ntr7015/PNTR701500_i2.jsp', '무주택자에게 주택임차를 위한 전세자금을 고정금리로 제공하는 상품', '고정금리 협약임차자금', 7);
INSERT INTO billybangdb.loans (loan_id, billybang_id, guarantee_agency, interest_rate_type, loan_limit, loan_type, ltv, max_interest_rate, max_term, min_interest_rate, min_term, origin_url, product_desc, product_name, provider_id) VALUES (42, 'i5', 'HF', 'FIXED', 360, 'MORTGAGE', null, 4.5, 600, 3.2, 120, 'https://mybank.ibk.co.kr/uib/jsp/guest/ntr/ntr70/ntr7015/PNTR701500_i2.jsp', '한국주택금융공사(이하 \'공사\')의 『보금자리론(u-방식)』 상품에 전자약정·전자등기 방식을 도입하고 대출 금리를 우대(0.1%p)하는 정책 모기지 상품', 'IBK아낌e-보금자리론', 7);
INSERT INTO billybangdb.loans (loan_id, billybang_id, guarantee_agency, interest_rate_type, loan_limit, loan_type, ltv, max_interest_rate, max_term, min_interest_rate, min_term, origin_url, product_desc, product_name, provider_id) VALUES (43, 'i6', null, 'FIXED', 1000, 'MORTGAGE', 70, 4.733, 480, 4.733, 120, 'https://mybank.ibk.co.kr/uib/jsp/guest/ntr/ntr70/ntr7015/PNTR701500_i2.jsp', '근로자, 사업자에게 아파트 담보로 필요자금을 비대면으로 간편하게 지원하는 주택담보대출상품', 'i-ONE 주택담보대출', 7);
INSERT INTO billybangdb.loans (loan_id, billybang_id, guarantee_agency, interest_rate_type, loan_limit, loan_type, ltv, max_interest_rate, max_term, min_interest_rate, min_term, origin_url, product_desc, product_name, provider_id) VALUES (44, 'i7', null, 'FIXED', 12, 'MORTGAGE', null, 3.5, 600, 3.5, null, 'https://mybank.ibk.co.kr/uib/jsp/guest/ntr/ntr70/ntr7015/PNTR701500_i2.jsp', '대학(원)생, 미취업청년 및 사회초년생들이 취업활동에 전념할 수 있도록 생활안정자금을 신속 지원하는 서민금융진흥원 전액보증 비대면 대출상품', 'i-ONE 햇살론youth', 7);
INSERT INTO billybangdb.loans (loan_id, billybang_id, guarantee_agency, interest_rate_type, loan_limit, loan_type, ltv, max_interest_rate, max_term, min_interest_rate, min_term, origin_url, product_desc, product_name, provider_id) VALUES (45, 'i8', null, 'VARIABLE', 150, 'PERSONAL', null, 9.5, 12, 4.826, null, 'https://mybank.ibk.co.kr/uib/jsp/guest/ntr/ntr70/ntr7015/PNTR701500_i2.jsp', '서민·중소기업 근로자 등을 대상으로, 스마트폰을 통해 간편하게 생활안정자금을 지원하는 신용대출 상품', 'i-ONE 직장인스마트론', 7);
INSERT INTO billybangdb.loans (loan_id, billybang_id, guarantee_agency, interest_rate_type, loan_limit, loan_type, ltv, max_interest_rate, max_term, min_interest_rate, min_term, origin_url, product_desc, product_name, provider_id) VALUES (46, 'i9', null, 'FIXED', 500, 'PERSONAL', null, 5.807, 60, 5.207, 12, 'https://mybank.ibk.co.kr/uib/jsp/guest/ntr/ntr70/ntr7015/PNTR701500_i2.jsp', '전문직, 직장인, 거래우수고객을 위한 IBK기업은행 대표 신용대출 상품', 'IBK파워신용대출', 7);
INSERT INTO billybangdb.loans (loan_id, billybang_id, guarantee_agency, interest_rate_type, loan_limit, loan_type, ltv, max_interest_rate, max_term, min_interest_rate, min_term, origin_url, product_desc, product_name, provider_id) VALUES (47, 'i10', null, 'VARIABLE', 10, 'PERSONAL', null, 9.5, 12, 5.131, null, 'https://mybank.ibk.co.kr/uib/jsp/guest/ntr/ntr70/ntr7015/PNTR701500_i2.jsp', '근로자를 대상으로 소액한도대출을 비대면으로 간편하게 지원하는 중소기업 근로자 우대 신용대출상품', 'i-ONE 중기근로자우대신용대출', 7);
INSERT INTO billybangdb.loans (loan_id, billybang_id, guarantee_agency, interest_rate_type, loan_limit, loan_type, ltv, max_interest_rate, max_term, min_interest_rate, min_term, origin_url, product_desc, product_name, provider_id) VALUES (13, 'n1', 'HF', 'VARIABLE', 222, 'JEONSE', 80, 6.11, 24, 3.71, null, 'https://smartmarket.nonghyup.com/servlet/SFSL0120R.view', '무주택자의 자산형성지원 및 가계부채감축을 위한 부분분할상환방식 전세자금대출', 'NH전세대출(주택금융공사-부분분할상환)', 8);
INSERT INTO billybangdb.loans (loan_id, billybang_id, guarantee_agency, interest_rate_type, loan_limit, loan_type, ltv, max_interest_rate, max_term, min_interest_rate, min_term, origin_url, product_desc, product_name, provider_id) VALUES (14, 'n2', 'HUG', 'MIXED', 450, 'JEONSE', 80, 6.12, 25, 3.72, null, 'https://smartmarket.nonghyup.com/servlet/SFSL0120R.view', '전세보증금을 안전하게 돌려받아 대출금을 상환할 수 있는 대출상품', 'NH전세대출(주택도시보증공사)', 8);
INSERT INTO billybangdb.loans (loan_id, billybang_id, guarantee_agency, interest_rate_type, loan_limit, loan_type, ltv, max_interest_rate, max_term, min_interest_rate, min_term, origin_url, product_desc, product_name, provider_id) VALUES (15, 'n3', 'HF, HUG', 'VARIABLE', 120, 'JEONSE', null, 2.9, 125, 1.5, 24, 'https://smartmarket.nonghyup.com/servlet/SFSL0120R.view', '무주택세대의 주거안정을 위해 저렴한 금리로 대출을 지원하는 상품', '버팀목 전세자금대출', 8);
INSERT INTO billybangdb.loans (loan_id, billybang_id, guarantee_agency, interest_rate_type, loan_limit, loan_type, ltv, max_interest_rate, max_term, min_interest_rate, min_term, origin_url, product_desc, product_name, provider_id) VALUES (16, 'n4', 'SGI', 'MIXED', 500, 'JEONSE', 80, 6.11, 36, 3.91, 3, 'https://smartmarket.nonghyup.com/servlet/SFSL0120R.view', '서울보증보험을 담보로 최대 5억원까지 든든한 전세 대출 상품', 'NH전세대출(서울보증보험)', 8);
INSERT INTO billybangdb.loans (loan_id, billybang_id, guarantee_agency, interest_rate_type, loan_limit, loan_type, ltv, max_interest_rate, max_term, min_interest_rate, min_term, origin_url, product_desc, product_name, provider_id) VALUES (17, 'n5', null, 'MIXED', 250, 'MORTGAGE', null, 3.55, 360, 2.15, 120, 'https://smartmarket.nonghyup.com/servlet/SFSL0120R.view', '무주택세대주가 주택을 구입할 경우 낮은 금리로 대출을 지원하는 상품', '내집마련 디딤돌대출', 8);
INSERT INTO billybangdb.loans (loan_id, billybang_id, guarantee_agency, interest_rate_type, loan_limit, loan_type, ltv, max_interest_rate, max_term, min_interest_rate, min_term, origin_url, product_desc, product_name, provider_id) VALUES (18, 'n6', null, 'MIXED', 1000, 'MORTGAGE', null, 3.5, 480, 3.5, 36, 'https://smartmarket.nonghyup.com/servlet/SFSL0120R.view', '은행 방문없이 휴대폰 하나로 가능한 아파트담보대출', 'NH모바일아파트대출2.0', 8);
INSERT INTO billybangdb.loans (loan_id, billybang_id, guarantee_agency, interest_rate_type, loan_limit, loan_type, ltv, max_interest_rate, max_term, min_interest_rate, min_term, origin_url, product_desc, product_name, provider_id) VALUES (19, 'n7', null, 'MIXED', 300, 'PERSONAL', null, 5.96, 84, 4.16, null, 'https://smartmarket.nonghyup.com/servlet/SFSL0120R.view', '대출도 프로답게, 전문직 신용대출', '슈퍼프로론', 8);
INSERT INTO billybangdb.loans (loan_id, billybang_id, guarantee_agency, interest_rate_type, loan_limit, loan_type, ltv, max_interest_rate, max_term, min_interest_rate, min_term, origin_url, product_desc, product_name, provider_id) VALUES (20, 'n8', null, 'MIXED', 300, 'PERSONAL', null, 5.96, 84, 4.16, null, 'https://smartmarket.nonghyup.com/servlet/SFSL0120R.view', '의료인 우대 신용대출', 'NH메디프로론', 8);
INSERT INTO billybangdb.loans (loan_id, billybang_id, guarantee_agency, interest_rate_type, loan_limit, loan_type, ltv, max_interest_rate, max_term, min_interest_rate, min_term, origin_url, product_desc, product_name, provider_id) VALUES (21, 'n9', null, 'MIXED', 30, 'PERSONAL', null, 5.96, 60, 4.16, null, 'https://smartmarket.nonghyup.com/servlet/SFSL0120R.view', '공무원 신입(예정)자를 위한 신용대출상품', 'NH새내기공무원우대대출', 8);
INSERT INTO billybangdb.loans (loan_id, billybang_id, guarantee_agency, interest_rate_type, loan_limit, loan_type, ltv, max_interest_rate, max_term, min_interest_rate, min_term, origin_url, product_desc, product_name, provider_id) VALUES (22, 'n10', null, 'MIXED', 300, 'PERSONAL', null, 5.96, 60, 4.16, null, 'https://smartmarket.nonghyup.com/servlet/SFSL0120R.view', '금융업계에 종사하는 직원을 대상으로 대출한도와 금리 등을 우대하는 금융인 전용 신용대출상품', 'NH금융리더론', 8);
INSERT INTO billybangdb.loans (loan_id, billybang_id, guarantee_agency, interest_rate_type, loan_limit, loan_type, ltv, max_interest_rate, max_term, min_interest_rate, min_term, origin_url, product_desc, product_name, provider_id) VALUES (48, 's1', null, 'VARIABLE', 300, 'PERSONAL', null, 5.24, 240, 3.83, 12, 'https://bank.shinhan.com/index.jsp?sns_type=fb&cr=020304010000&pcd=S612213400&sns_title=%25EB%258C%2580%25EC%25B6%259C&sns_desc=%25EC%258F%25A0%25ED%258E%25B8%25ED%2595%259C%2520%25EC%25A7%2581%25EC%259E%25A5%25EC%259D%25B8%25EB%258C%2580%25EC%25B6%259CS%2520II', '지정업체에 재직중인 직장인에게 한도와 금리를 우대해드리는 신용대출', '쏠편한 직장인대출S II', 10);
INSERT INTO billybangdb.loans (loan_id, billybang_id, guarantee_agency, interest_rate_type, loan_limit, loan_type, ltv, max_interest_rate, max_term, min_interest_rate, min_term, origin_url, product_desc, product_name, provider_id) VALUES (49, 's2', null, 'VARIABLE', 300, 'PERSONAL', null, 6.01, 240, 4.81, 12, 'https://bank.shinhan.com/index.jsp?sns_type=fb&cr=020308100000&pcd=S612212800&sns_title=%25EB%258C%2580%25EC%25B6%259C&sns_desc=%25EC%258F%25A0%25ED%258E%25B8%25ED%2595%259C%2520%25EC%25A7%2581%25EC%259E%25A5%25EC%259D%25B8%25EB%258C%2580%25EC%25B6%259CS', '지정업체에 재직중인 직장인에게 한도와 금리를 우대해드리는 신용대출', '쏠편한 직장인대출S', 10);
INSERT INTO billybangdb.loans (loan_id, billybang_id, guarantee_agency, interest_rate_type, loan_limit, loan_type, ltv, max_interest_rate, max_term, min_interest_rate, min_term, origin_url, product_desc, product_name, provider_id) VALUES (50, 's3', null, 'VARIABLE', 200, 'PERSONAL', null, 5.4, 240, 4.6, 12, 'https://bank.shinhan.com/index.jsp?sns_type=fb&cr=020304010000&pcd=612311100&sns_title=%25EB%258C%2580%25EC%25B6%259C&sns_desc=Tops%2520%25EC%25A0%2584%25EB%25AC%25B8%25EC%25A7%2581%25EC%259A%25B0%25EB%258C%2580%25EB%25A1%25A0', '전문직 종사자를 대상으로 최고 300백만원까지 무보증 대출이 가능한 전문직 자격증 소지자 (개인사업자, 급요소득자) 전용 맞춤신용대출 상품', 'Tops 전문직우대론', 10);
INSERT INTO billybangdb.loans (loan_id, billybang_id, guarantee_agency, interest_rate_type, loan_limit, loan_type, ltv, max_interest_rate, max_term, min_interest_rate, min_term, origin_url, product_desc, product_name, provider_id) VALUES (51, 's4', null, 'VARIABLE', 200, 'PERSONAL', null, 5.7, 240, 4.29, 12, 'https://bank.shinhan.com/index.jsp?sns_type=fb&cr=020304010000&pcd=S612411800&sns_title=%25EB%258C%2580%25EC%25B6%259C&sns_desc=%25EC%258F%25A0%25ED%258E%25B8%25ED%2595%259C%2520%25EC%259D%25BC%25EB%25B0%2598%25EA%25B3%25B5%25EB%25AC%25B4%25EC%259B%2590%2520%25EB%258C%2580%25EC%25B6%259C', '대한민국 공무원을 응원하는 넉넉한 한도의 신용대출', '쏠편한 일반공무원 대출', 10);
INSERT INTO billybangdb.loans (loan_id, billybang_id, guarantee_agency, interest_rate_type, loan_limit, loan_type, ltv, max_interest_rate, max_term, min_interest_rate, min_term, origin_url, product_desc, product_name, provider_id) VALUES (52, 's5', null, 'VARIABLE', 200, 'PERSONAL', null, 5.85, 240, 4.54, 12, 'https://bank.shinhan.com/index.jsp?sns_type=fb&cr=020304010000&pcd=S612212100&sns_title=%25EB%258C%2580%25EC%25B6%259C&sns_desc=%25EC%258F%25A0%25ED%258E%25B8%25ED%2595%259C%2520%25EA%25B2%25BD%25EC%25B0%25B0%25EA%25B3%25B5%25EB%25AC%25B4%25EC%259B%2590%2520%25EB%258C%2580%25EC%25B6%259C', '대한민국 치안을 책임지는 경찰공무원을 위한 참수리 전용 신용대출', '쏠편한 경찰공무원 대출', 10);
INSERT INTO billybangdb.loans (loan_id, billybang_id, guarantee_agency, interest_rate_type, loan_limit, loan_type, ltv, max_interest_rate, max_term, min_interest_rate, min_term, origin_url, product_desc, product_name, provider_id) VALUES (53, 's6', null, 'VARIABLE', 200, 'PERSONAL', null, 5.77, 240, 3.96, 12, 'https://bank.shinhan.com/index.jsp?sns_type=fb&cr=020304010000&pcd=S612211800&sns_title=%25EB%258C%2580%25EC%25B6%259C&sns_desc=%25EC%258F%25A0%25ED%258E%25B8%25ED%2595%259C%2520%25EA%25B5%25B0%25EC%259D%25B8%2520%25EB%258C%2580%25EC%25B6%259C', '나라를 지키는 고마운 군인을 위해 언제 어디서나 가능한 모바일 신용대출', '쏠편한 군인 대출', 10);
INSERT INTO billybangdb.loans (loan_id, billybang_id, guarantee_agency, interest_rate_type, loan_limit, loan_type, ltv, max_interest_rate, max_term, min_interest_rate, min_term, origin_url, product_desc, product_name, provider_id) VALUES (54, 's7', 'HF', 'VARIABLE', 120, 'JEONSE', 70, 2.9, 120, 2.1, 24, 'https://bank.shinhan.com/index.jsp?sns_type=fb&cr=020305010000&pcd=693111400&sns_title=%25EB%258C%2580%25EC%25B6%259C&sns_desc=%25EB%25B2%2584%25ED%258C%2580%25EB%25AA%25A9%2520%25EC%25A0%2584%25EC%2584%25B8%25EC%259E%2590%25EA%25B8%2588%2520%25EB%258C%2580%25EC%25B6%259C', '주택을 임차하는 근로자 및 서민의 주거안정을 위한 주택도시기금을 재원으로 하는 전세자금대출 상품', '버팀목 전세자금 대출', 10);
INSERT INTO billybangdb.loans (loan_id, billybang_id, guarantee_agency, interest_rate_type, loan_limit, loan_type, ltv, max_interest_rate, max_term, min_interest_rate, min_term, origin_url, product_desc, product_name, provider_id) VALUES (55, 's8', 'SGI', 'VARIABLE', 500, 'JEONSE', null, 5.2, 36, 3.69, 6, 'https://bank.shinhan.com/index.jsp?sns_type=fb&cr=020305010000&pcd=S611116200&sns_title=%25EB%258C%2580%25EC%25B6%259C&sns_desc=%25EC%258F%25A0%25ED%258E%25B8%25ED%2595%259C%2520%25EC%25A0%2584%25EC%2584%25B8%25EB%258C%2580%25EC%25B6%259C%2528%25EC%2584%259C%25EC%259A%25B8%25EB%25B3%25B4%25EC%25A6%259D%25EB%25B3%25B4%25ED%2597%2598%2529', '서울보증보험의 보증서로 전월세자금을 지원하는 모바일 전용 전세대출', '쏠편한 전세대출(서울보증보험)', 10);
INSERT INTO billybangdb.loans (loan_id, billybang_id, guarantee_agency, interest_rate_type, loan_limit, loan_type, ltv, max_interest_rate, max_term, min_interest_rate, min_term, origin_url, product_desc, product_name, provider_id) VALUES (56, 's9', 'HF', 'VARIABLE', 222, 'JEONSE', 80, 4.98, 36, 3.48, 12, 'https://bank.shinhan.com/index.jsp?sns_type=fb&cr=020305010000&pcd=S631311900&sns_title=%25EB%258C%2580%25EC%25B6%259C&sns_desc=%25EC%258F%25A0%25ED%258E%25B8%25ED%2595%259C%2520%25EC%25A0%2584%25EC%2584%25B8%25EB%258C%2580%25EC%25B6%259C%2528%25EC%25A3%25BC%25ED%2583%259D%25EA%25B8%2588%25EC%259C%25B5%25EA%25B3%25B5%25EC%2582%25AC%2529', '주택금융공사의 보증서로 전월세자금을 지원하는 모바일 전용 전세대출', '쏠편한 전세대출(주택금융공사)', 10);
INSERT INTO billybangdb.loans (loan_id, billybang_id, guarantee_agency, interest_rate_type, loan_limit, loan_type, ltv, max_interest_rate, max_term, min_interest_rate, min_term, origin_url, product_desc, product_name, provider_id) VALUES (57, 's10', 'HUG', 'VARIABLE', 450, 'JEONSE', 80, 5.43, 25, 3.62, null, 'https://bank.shinhan.com/index.jsp?sns_type=fb&cr=020305010000&pcd=S634112401&sns_title=%25EB%258C%2580%25EC%25B6%259C&sns_desc=%25EC%258F%25A0%25ED%258E%25B8%25ED%2595%259C%2520%25EC%25A0%2584%25EC%2584%25B8%25EB%258C%2580%25EC%25B6%259C%2528%25EC%25A3%25BC%25ED%2583%259D%25EB%258F%2584%25EC%258B%259C%25EB%25B3%25B4%25EC%25A6%259D%2529', '전세대출 간편하게! 전세보증금 반환보증을 동시에!', '쏠편한 전세대출(주택도시보증)', 10);
INSERT INTO billybangdb.loans (loan_id, billybang_id, guarantee_agency, interest_rate_type, loan_limit, loan_type, ltv, max_interest_rate, max_term, min_interest_rate, min_term, origin_url, product_desc, product_name, provider_id) VALUES (58, 's11', null, 'FIXED', 360, 'MORTGAGE', 70, 4.95, 600, 3.95, 120, 'https://bank.shinhan.com/index.jsp?sns_type=fb&cr=020305010000&pcd=S632121500&sns_title=%25EB%258C%2580%25EC%25B6%259C&sns_desc=%25EC%2595%2584%25EB%2582%258Ce%25EB%25B3%25B4%25EA%25B8%2588%25EC%259E%2590%25EB%25A6%25AC%25EB%25A1%25A0', '대출실행일로부터 만기까지 고정금리가 적용되어 금리상승의 위험을 회피할 수 있는 담보대출', '아낌e보금자리론', 10);
INSERT INTO billybangdb.loans (loan_id, billybang_id, guarantee_agency, interest_rate_type, loan_limit, loan_type, ltv, max_interest_rate, max_term, min_interest_rate, min_term, origin_url, product_desc, product_name, provider_id) VALUES (59, 's12', null, 'VARIABLE', null, 'MORTGAGE', 70, 5.08, 600, 3.07, 126, 'https://bank.shinhan.com/index.jsp?sns_type=fb&cr=020305010000&pcd=S614221100&sns_title=%25EB%258C%2580%25EC%25B6%259C&sns_desc=%25EC%258B%25A0%25ED%2595%259C%25EC%25A3%25BC%25ED%2583%259D%25EB%258C%2580%25EC%25B6%259C%2528%25EC%2595%2584%25ED%258C%258C%25ED%258A%25B8%2529', '시세가 조회되는 아파트를 담보로 받는 주택담보대출', '신한주택대출(아파트)', 10);
INSERT INTO billybangdb.loans (loan_id, billybang_id, guarantee_agency, interest_rate_type, loan_limit, loan_type, ltv, max_interest_rate, max_term, min_interest_rate, min_term, origin_url, product_desc, product_name, provider_id) VALUES (60, 's13', null, 'MIXED', 250, 'MORTGAGE', null, 3.55, 360, 2.45, 120, 'https://bank.shinhan.com/index.jsp?sns_type=fb&cr=020305010000&pcd=693721100&sns_title=%25EB%258C%2580%25EC%25B6%259C&sns_desc=%25EB%2582%25B4%25EC%25A7%2591%25EB%25A7%2588%25EB%25A0%25A8%25EB%2594%2594%25EB%2594%25A4%25EB%258F%258C%25EB%258C%2580%25EC%25B6%259C', '무주택국민의 주택마련을 지원하는 정부의 통합 정책모기지 상품', '내집마련디딤돌대출', 10);
INSERT INTO billybangdb.loans (loan_id, billybang_id, guarantee_agency, interest_rate_type, loan_limit, loan_type, ltv, max_interest_rate, max_term, min_interest_rate, min_term, origin_url, product_desc, product_name, provider_id) VALUES (1, 'w1', 'HUG', 'VARIABLE', 45, 'JEONSE', null, 1.3, 125, 1.3, 25, 'https://spot.wooribank.com/pot/Dream?withyou=POLON0057&cc=c010528:c010531;c012425:c012399&PLM_PDCD=P020006084&PRD_CD=P020006084&HOST_PRD_CD=3204111151200', '「주택도시기금」 버팀목전세자금(보증금+월세금) 결합상품', '버팀목전세자금(보증금+월세금)대출', 12);
INSERT INTO billybangdb.loans (loan_id, billybang_id, guarantee_agency, interest_rate_type, loan_limit, loan_type, ltv, max_interest_rate, max_term, min_interest_rate, min_term, origin_url, product_desc, product_name, provider_id) VALUES (2, 'w2', 'HF', 'VARIABLE', 222, 'JEONSE', 80, 4.67, 24, 4.13, 12, 'https://spot.wooribank.com/pot/Dream?withyou=POLON0055&cc=c010528:c010531;c012425:c012399&PLM_PDCD=P020000273&PRD_CD=P020000273&HOST_PRD_CD=2031037000079', '주택금융공사 주택신용보증서 담보(90%보증)로 영업점 방문없이 인터넷상담 및 대출 실행이 가능한 전세대출', 'iTouch 전세론(주택금융보증)', 12);
INSERT INTO billybangdb.loans (loan_id, billybang_id, guarantee_agency, interest_rate_type, loan_limit, loan_type, ltv, max_interest_rate, max_term, min_interest_rate, min_term, origin_url, product_desc, product_name, provider_id) VALUES (3, 'w3', null, 'VARIABLE', 222, 'JEONSE', 80, 3.87, 24, 3.64, 6, 'https://spot.wooribank.com/pot/Dream?withyou=POLON0055&cc=c010528:c010531;c012425:c012399&PLM_PDCD=P020006577&PRD_CD=P020006577&HOST_PRD_CD=2031161020000', '쉽고 빠른 전월세보증금대출 갈아타기', '우리WON전세대출(주택보증)(갈아타기)', 12);
INSERT INTO billybangdb.loans (loan_id, billybang_id, guarantee_agency, interest_rate_type, loan_limit, loan_type, ltv, max_interest_rate, max_term, min_interest_rate, min_term, origin_url, product_desc, product_name, provider_id) VALUES (4, 'w4', 'HF', 'VARIABLE', 200, 'JEONSE', 90, 4.44, 24, 4.44, 12, 'https://spot.wooribank.com/pot/Dream?withyou=POLON0055&cc=c010528:c010531;c012425:c012399&PLM_PDCD=P020006110&PRD_CD=P020006110&HOST_PRD_CD=2031305111100', '청년의 주거비 부담 경감을 위한 청년 전용 전세자금보증 지원 상품', '우리 청년맞춤형 전세대출', 12);
INSERT INTO billybangdb.loans (loan_id, billybang_id, guarantee_agency, interest_rate_type, loan_limit, loan_type, ltv, max_interest_rate, max_term, min_interest_rate, min_term, origin_url, product_desc, product_name, provider_id) VALUES (5, 'w5', 'HUG', 'VARIABLE', 120, 'JEONSE', 70, 2.9, 120, 2.1, 24, 'https://spot.wooribank.com/pot/Dream?withyou=POLON0057&cc=c010528:c010531;c012425:c012399&PLM_PDCD=P020000227&PRD_CD=P020000227&HOST_PRD_CD=3204111150000', '주택도시기금 근로자/서민/저소득 전세자금의 통합 상품', '버팀목 전세자금', 12);
INSERT INTO billybangdb.loans (loan_id, billybang_id, guarantee_agency, interest_rate_type, loan_limit, loan_type, ltv, max_interest_rate, max_term, min_interest_rate, min_term, origin_url, product_desc, product_name, provider_id) VALUES (6, 'w6', 'HUG', 'VARIABLE', 200, 'JEONSE', 80, 2.7, 120, 1.8, 24, 'https://spot.wooribank.com/pot/Dream?withyou=POLON0057&cc=c010528:c010531;c012425:c012399&PLM_PDCD=P020006007&PRD_CD=P020006007&HOST_PRD_CD=', '「주택도시기금」버팀목 전세자금 청년전용 상품', '청년전용 버팀목 전세자금', 12);
INSERT INTO billybangdb.loans (loan_id, billybang_id, guarantee_agency, interest_rate_type, loan_limit, loan_type, ltv, max_interest_rate, max_term, min_interest_rate, min_term, origin_url, product_desc, product_name, provider_id) VALUES (7, 'w7', 'HUG', 'VARIABLE', 300, 'JEONSE', 80, 2.7, 120, 1.5, 24, 'https://spot.wooribank.com/pot/Dream?withyou=POLON0057&cc=c010528:c010531;c012425:c012399&PLM_PDCD=P020006006&PRD_CD=P020006006&HOST_PRD_CD=', '「주택도시기금」버팀목전세자금 신혼가구 전용 상품', '신혼가구전용 버팀목 전세자금', 12);
INSERT INTO billybangdb.loans (loan_id, billybang_id, guarantee_agency, interest_rate_type, loan_limit, loan_type, ltv, max_interest_rate, max_term, min_interest_rate, min_term, origin_url, product_desc, product_name, provider_id) VALUES (8, 'w8', null, 'VARIABLE', 1000, 'MORTGAGE', null, 4.92, 480, 3.48, 120, 'https://spot.wooribank.com/pot/Dream?withyou=POLON0056&cc=c010528:c010531;c012425:c012399&PLM_PDCD=P020006574&PRD_CD=P020006574&HOST_PRD_CD=2031164030079', '모바일로 신청하는 간편한 주택담보대출 갈아타기', '우리WON주택대출(갈아타기)', 12);
INSERT INTO billybangdb.loans (loan_id, billybang_id, guarantee_agency, interest_rate_type, loan_limit, loan_type, ltv, max_interest_rate, max_term, min_interest_rate, min_term, origin_url, product_desc, product_name, provider_id) VALUES (9, 'w9', 'HF', 'FIXED', 360, 'MORTGAGE', 70, 4.5, 600, 3.2, 120, 'https://spot.wooribank.com/pot/Dream?withyou=POLON0056&cc=c010528:c010531;c012425:c012399&PLM_PDCD=P020000108&PRD_CD=P020000108&HOST_PRD_CD=2081191110000', '한국주택금융공사 대표 보금자리론', 'u-보금자리론', 12);
INSERT INTO billybangdb.loans (loan_id, billybang_id, guarantee_agency, interest_rate_type, loan_limit, loan_type, ltv, max_interest_rate, max_term, min_interest_rate, min_term, origin_url, product_desc, product_name, provider_id) VALUES (10, 'w10', 'HF', 'VARIABLE', 250, 'MORTGAGE', 70, 3.55, 360, 2.45, 120, 'https://spot.wooribank.com/pot/Dream?withyou=POLON0057&cc=c010528:c010531;c012425:c012399&PLM_PDCD=P020000127&PRD_CD=P020000127&HOST_PRD_CD=3201223120000', '정부지원 저리의 주택구입대출 상품', '내집마련 디딤돌 대출', 12);
INSERT INTO billybangdb.loans (loan_id, billybang_id, guarantee_agency, interest_rate_type, loan_limit, loan_type, ltv, max_interest_rate, max_term, min_interest_rate, min_term, origin_url, product_desc, product_name, provider_id) VALUES (11, 'w11', null, 'VARIABLE', 300, 'PERSONAL', null, 12, 120, 4.05, 12, 'https://spot.wooribank.com/pot/Dream?withyou=POLON0060&cc=c010528:c010531;c012425:c012399&PLM_PDCD=P020002615&PRD_CD=P020002615&HOST_PRD_CD=2006016130000', '공무원연금법을 적용받는 공무원 전용 상품', '공무원(PPL)', 12);
INSERT INTO billybangdb.loans (loan_id, billybang_id, guarantee_agency, interest_rate_type, loan_limit, loan_type, ltv, max_interest_rate, max_term, min_interest_rate, min_term, origin_url, product_desc, product_name, provider_id) VALUES (12, 'w12', null, 'FIXED', 5, 'PERSONAL', null, 5, 12, 5, 12, 'https://spot.wooribank.com/pot/Dream?withyou=POLON0060&cc=c010528:c010531;c012425:c012399&PLM_PDCD=P020006529&PRD_CD=P020006529&HOST_PRD_CD=2001136200000', '청년 전용 우대 신용대출 상품', '우리 청년도약대출(새희망홀씨II)', 12);
INSERT INTO billybangdb.loans (loan_id, billybang_id, guarantee_agency, interest_rate_type, loan_limit, loan_type, ltv, max_interest_rate, max_term, min_interest_rate, min_term, origin_url, product_desc, product_name, provider_id) VALUES (61, 'h1', null, 'VARIABLE', 350, 'PERSONAL', null, 6.322, 12, 5.722, 12, 'https://www.kebhana.com/cont/mall/mall08/mall0802/mall080204/1462446_115200.jsp?_menuNo=98786', '누구나 3분이면 한도조회 OK, 쉽고 빠른 대출, 소득이 있는 국민인거주자, 최대 3억 5천만원, 최대 1년', '하나원큐신용대출', 18);
INSERT INTO billybangdb.loans (loan_id, billybang_id, guarantee_agency, interest_rate_type, loan_limit, loan_type, ltv, max_interest_rate, max_term, min_interest_rate, min_term, origin_url, product_desc, product_name, provider_id) VALUES (62, 'h2', null, 'VARIABLE', 200, 'PERSONAL', null, 7.485, 60, 6.585, 12, 'https://www.kebhana.com/cont/mall/mall08/mall0802/mall080204/1446888_115200.jsp?_menuNo=98786', '공무원연금법 적용대상 재직 공무원 및 공무원시험 최종합격자를 위한 신용대출 상품입니다.', '공무원클럽대출', 18);
INSERT INTO billybangdb.loans (loan_id, billybang_id, guarantee_agency, interest_rate_type, loan_limit, loan_type, ltv, max_interest_rate, max_term, min_interest_rate, min_term, origin_url, product_desc, product_name, provider_id) VALUES (63, 'h3', null, 'VARIABLE', 400, 'PERSONAL', null, 7.252, 120, 6.287, 12, 'https://www.kebhana.com/cont/mall/mall08/mall0802/mall080204/1420244_115200.jsp?_menuNo=98786', '대한민국의 건강을 책임지고 계신 닥터 손님을 위한 신용대출 상품입니다.', '닥터클럽대출 - 골드', 18);
INSERT INTO billybangdb.loans (loan_id, billybang_id, guarantee_agency, interest_rate_type, loan_limit, loan_type, ltv, max_interest_rate, max_term, min_interest_rate, min_term, origin_url, product_desc, product_name, provider_id) VALUES (64, 'h4', null, 'VARIABLE', 400, 'PERSONAL', null, 7.285, 120, 6.287, 12, 'https://www.kebhana.com/cont/mall/mall08/mall0802/mall080204/1420246_115200.jsp?_menuNo=98786', '법조인(판사, 검사, 변호사, 군법무관, 사법연수원생 등) 손님을 위한 신용대출 상품입니다.', '로이어클럽대출', 18);
INSERT INTO billybangdb.loans (loan_id, billybang_id, guarantee_agency, interest_rate_type, loan_limit, loan_type, ltv, max_interest_rate, max_term, min_interest_rate, min_term, origin_url, product_desc, product_name, provider_id) VALUES (65, 'h5', null, 'VARIABLE', 300, 'PERSONAL', null, 7.285, 120, 6.287, 12, 'https://www.kebhana.com/cont/mall/mall08/mall0802/mall080204/1420245_115200.jsp?_menuNo=98786', '전문직업(약사, 회계사, 세무사 등)에 종사하는 손님을 위한 신용대출 상품입니다.', '전문직 클럽대출', 18);
INSERT INTO billybangdb.loans (loan_id, billybang_id, guarantee_agency, interest_rate_type, loan_limit, loan_type, ltv, max_interest_rate, max_term, min_interest_rate, min_term, origin_url, product_desc, product_name, provider_id) VALUES (66, 'h6', 'HF', 'VARIABLE', 120, 'JEONSE', null, 2.9, 120, 2.1, 24, 'https://www.kebhana.com/cont/mall/mall08/mall0802/mall080203/1420278_115198.jsp?_menuNo=98787', '무주택 국민의 주거안정 도모 및 모든 국민의 주거생활 향상을 목적으로 저금리로 전세자금대출을 지원하며, 중도상환수수료가 없어 상환이 편리한 상품', '버팀목전세자금대출', 18);
INSERT INTO billybangdb.loans (loan_id, billybang_id, guarantee_agency, interest_rate_type, loan_limit, loan_type, ltv, max_interest_rate, max_term, min_interest_rate, min_term, origin_url, product_desc, product_name, provider_id) VALUES (67, 'h7', 'HF', 'FIXED', 400, 'JEONSE', 90, 4.661, 24, 4.661, null, 'https://www.kebhana.com/cont/mall/mall08/mall0802/mall080201/1489867_115194.jsp?_menuNo=98786', '한국주택금융공사의 보증서를 담보로 임차보증금의 90%내에서 주택의 전세자금을 고정금리로 지원해드리는 상품', '고정금리전세자금대출', 18);
INSERT INTO billybangdb.loans (loan_id, billybang_id, guarantee_agency, interest_rate_type, loan_limit, loan_type, ltv, max_interest_rate, max_term, min_interest_rate, min_term, origin_url, product_desc, product_name, provider_id) VALUES (68, 'h8', 'HUG', 'VARIABLE', 250, 'MORTGAGE', null, 3.55, 360, 2.45, 120, 'https://www.kebhana.com/cont/mall/mall08/mall0802/mall080203/1420296_115198.jsp?_menuNo=98786', '무주택 국민의 주거안정 도모 및 주거생활 향상을 목적으로 저금리로 주택 구입자금을 지원하는 상품', '내집마련 디딤돌 대출', 18);

INSERT INTO billybangdb.loan_user_conditions (loan_usr_condition_id, allowed_for_another_loan, allowed_for_foreigner, for_first_home_buyer, for_target, max_age, max_employment_duration, max_individual_income, max_married_total_assets, max_married_total_income, min_age, min_employment_duration, min_individual_income, target_occupation, loan_id) VALUES (1, true, true, true, 'DEFAULT', 34, null, 50, 345, null, null, null, null, 'OTHER', 1);
INSERT INTO billybangdb.loan_user_conditions (loan_usr_condition_id, allowed_for_another_loan, allowed_for_foreigner, for_first_home_buyer, for_target, max_age, max_employment_duration, max_individual_income, max_married_total_assets, max_married_total_income, min_age, min_employment_duration, min_individual_income, target_occupation, loan_id) VALUES (2, false, false, false, 'DEFAULT', null, null, null, null, null, 19, 3, null, 'GENERAL', 2);
INSERT INTO billybangdb.loan_user_conditions (loan_usr_condition_id, allowed_for_another_loan, allowed_for_foreigner, for_first_home_buyer, for_target, max_age, max_employment_duration, max_individual_income, max_married_total_assets, max_married_total_income, min_age, min_employment_duration, min_individual_income, target_occupation, loan_id) VALUES (3, true, true, false, 'DEFAULT', null, null, null, null, null, null, 12, null, 'GENERAL', 3);
INSERT INTO billybangdb.loan_user_conditions (loan_usr_condition_id, allowed_for_another_loan, allowed_for_foreigner, for_first_home_buyer, for_target, max_age, max_employment_duration, max_individual_income, max_married_total_assets, max_married_total_income, min_age, min_employment_duration, min_individual_income, target_occupation, loan_id) VALUES (4, true, false, true, 'YOUTH', 34, null, 70, null, 70, 19, null, null, 'OTHER', 4);
INSERT INTO billybangdb.loan_user_conditions (loan_usr_condition_id, allowed_for_another_loan, allowed_for_foreigner, for_first_home_buyer, for_target, max_age, max_employment_duration, max_individual_income, max_married_total_assets, max_married_total_income, min_age, min_employment_duration, min_individual_income, target_occupation, loan_id) VALUES (5, true, true, true, 'DEFAULT', null, null, null, 345, 50, 19, null, null, 'OTHER', 5);
INSERT INTO billybangdb.loan_user_conditions (loan_usr_condition_id, allowed_for_another_loan, allowed_for_foreigner, for_first_home_buyer, for_target, max_age, max_employment_duration, max_individual_income, max_married_total_assets, max_married_total_income, min_age, min_employment_duration, min_individual_income, target_occupation, loan_id) VALUES (6, true, true, true, 'MULTIPLE_CHILDREN', null, null, null, 345, 60, 19, null, null, 'OTHER', 5);
INSERT INTO billybangdb.loan_user_conditions (loan_usr_condition_id, allowed_for_another_loan, allowed_for_foreigner, for_first_home_buyer, for_target, max_age, max_employment_duration, max_individual_income, max_married_total_assets, max_married_total_income, min_age, min_employment_duration, min_individual_income, target_occupation, loan_id) VALUES (7, true, true, true, 'NEWLY_MARRIED', null, null, null, 345, 75, 19, null, null, 'OTHER', 5);
INSERT INTO billybangdb.loan_user_conditions (loan_usr_condition_id, allowed_for_another_loan, allowed_for_foreigner, for_first_home_buyer, for_target, max_age, max_employment_duration, max_individual_income, max_married_total_assets, max_married_total_income, min_age, min_employment_duration, min_individual_income, target_occupation, loan_id) VALUES (8, true, true, true, 'YOUTH', 34, null, 50, 345, null, 19, null, null, 'OTHER', 6);
INSERT INTO billybangdb.loan_user_conditions (loan_usr_condition_id, allowed_for_another_loan, allowed_for_foreigner, for_first_home_buyer, for_target, max_age, max_employment_duration, max_individual_income, max_married_total_assets, max_married_total_income, min_age, min_employment_duration, min_individual_income, target_occupation, loan_id) VALUES (9, true, true, true, 'MULTIPLE_CHILDREN', 34, null, 60, 345, null, 19, null, null, 'OTHER', 6);
INSERT INTO billybangdb.loan_user_conditions (loan_usr_condition_id, allowed_for_another_loan, allowed_for_foreigner, for_first_home_buyer, for_target, max_age, max_employment_duration, max_individual_income, max_married_total_assets, max_married_total_income, min_age, min_employment_duration, min_individual_income, target_occupation, loan_id) VALUES (10, true, true, true, 'NEWLY_MARRIED', 34, null, 75, 345, null, 19, null, null, 'OTHER', 6);
INSERT INTO billybangdb.loan_user_conditions (loan_usr_condition_id, allowed_for_another_loan, allowed_for_foreigner, for_first_home_buyer, for_target, max_age, max_employment_duration, max_individual_income, max_married_total_assets, max_married_total_income, min_age, min_employment_duration, min_individual_income, target_occupation, loan_id) VALUES (11, true, true, true, 'NEWLY_MARRIED', null, null, null, 345, 75, 19, null, null, 'OTHER', 7);
INSERT INTO billybangdb.loan_user_conditions (loan_usr_condition_id, allowed_for_another_loan, allowed_for_foreigner, for_first_home_buyer, for_target, max_age, max_employment_duration, max_individual_income, max_married_total_assets, max_married_total_income, min_age, min_employment_duration, min_individual_income, target_occupation, loan_id) VALUES (12, true, false, false, 'DEFAULT', null, null, null, null, null, null, 3, null, 'GENERAL', 8);
INSERT INTO billybangdb.loan_user_conditions (loan_usr_condition_id, allowed_for_another_loan, allowed_for_foreigner, for_first_home_buyer, for_target, max_age, max_employment_duration, max_individual_income, max_married_total_assets, max_married_total_income, min_age, min_employment_duration, min_individual_income, target_occupation, loan_id) VALUES (13, true, true, false, 'DEFAULT', null, null, 70, null, 70, 19, null, null, 'OTHER', 9);
INSERT INTO billybangdb.loan_user_conditions (loan_usr_condition_id, allowed_for_another_loan, allowed_for_foreigner, for_first_home_buyer, for_target, max_age, max_employment_duration, max_individual_income, max_married_total_assets, max_married_total_income, min_age, min_employment_duration, min_individual_income, target_occupation, loan_id) VALUES (14, true, true, true, 'DEFAULT', null, null, null, 469, 60, 19, null, null, 'OTHER', 10);
INSERT INTO billybangdb.loan_user_conditions (loan_usr_condition_id, allowed_for_another_loan, allowed_for_foreigner, for_first_home_buyer, for_target, max_age, max_employment_duration, max_individual_income, max_married_total_assets, max_married_total_income, min_age, min_employment_duration, min_individual_income, target_occupation, loan_id) VALUES (15, true, true, true, 'MULTIPLE_CHILDREN', null, null, null, 469, 70, 19, null, null, 'OTHER', 10);
INSERT INTO billybangdb.loan_user_conditions (loan_usr_condition_id, allowed_for_another_loan, allowed_for_foreigner, for_first_home_buyer, for_target, max_age, max_employment_duration, max_individual_income, max_married_total_assets, max_married_total_income, min_age, min_employment_duration, min_individual_income, target_occupation, loan_id) VALUES (16, true, true, true, 'NEWLY_MARRIED', null, null, null, 469, 85, 19, null, null, 'OTHER', 10);
INSERT INTO billybangdb.loan_user_conditions (loan_usr_condition_id, allowed_for_another_loan, allowed_for_foreigner, for_first_home_buyer, for_target, max_age, max_employment_duration, max_individual_income, max_married_total_assets, max_married_total_income, min_age, min_employment_duration, min_individual_income, target_occupation, loan_id) VALUES (17, true, true, false, 'DEFAULT', null, null, null, null, null, null, 3, 35, 'PUBLIC', 11);
INSERT INTO billybangdb.loan_user_conditions (loan_usr_condition_id, allowed_for_another_loan, allowed_for_foreigner, for_first_home_buyer, for_target, max_age, max_employment_duration, max_individual_income, max_married_total_assets, max_married_total_income, min_age, min_employment_duration, min_individual_income, target_occupation, loan_id) VALUES (18, true, false, false, 'DEFAULT', 34, null, 40, null, null, null, 3, null, 'OTHER', 12);
INSERT INTO billybangdb.loan_user_conditions (loan_usr_condition_id, allowed_for_another_loan, allowed_for_foreigner, for_first_home_buyer, for_target, max_age, max_employment_duration, max_individual_income, max_married_total_assets, max_married_total_income, min_age, min_employment_duration, min_individual_income, target_occupation, loan_id) VALUES (19, true, true, true, 'DEFAULT', null, null, null, null, null, null, null, null, 'OTHER', 13);
INSERT INTO billybangdb.loan_user_conditions (loan_usr_condition_id, allowed_for_another_loan, allowed_for_foreigner, for_first_home_buyer, for_target, max_age, max_employment_duration, max_individual_income, max_married_total_assets, max_married_total_income, min_age, min_employment_duration, min_individual_income, target_occupation, loan_id) VALUES (20, true, false, true, 'DEFAULT', null, null, null, null, null, null, null, null, 'OTHER', 14);
INSERT INTO billybangdb.loan_user_conditions (loan_usr_condition_id, allowed_for_another_loan, allowed_for_foreigner, for_first_home_buyer, for_target, max_age, max_employment_duration, max_individual_income, max_married_total_assets, max_married_total_income, min_age, min_employment_duration, min_individual_income, target_occupation, loan_id) VALUES (21, true, true, true, 'DEFAULT', null, null, null, null, 50, null, null, null, 'OTHER', 15);
INSERT INTO billybangdb.loan_user_conditions (loan_usr_condition_id, allowed_for_another_loan, allowed_for_foreigner, for_first_home_buyer, for_target, max_age, max_employment_duration, max_individual_income, max_married_total_assets, max_married_total_income, min_age, min_employment_duration, min_individual_income, target_occupation, loan_id) VALUES (22, true, false, true, 'DEFAULT', null, null, null, null, null, 19, null, null, 'OTHER', 16);
INSERT INTO billybangdb.loan_user_conditions (loan_usr_condition_id, allowed_for_another_loan, allowed_for_foreigner, for_first_home_buyer, for_target, max_age, max_employment_duration, max_individual_income, max_married_total_assets, max_married_total_income, min_age, min_employment_duration, min_individual_income, target_occupation, loan_id) VALUES (23, false, true, true, 'DEFAULT', 30, null, null, null, 60, 19, null, null, 'OTHER', 17);
INSERT INTO billybangdb.loan_user_conditions (loan_usr_condition_id, allowed_for_another_loan, allowed_for_foreigner, for_first_home_buyer, for_target, max_age, max_employment_duration, max_individual_income, max_married_total_assets, max_married_total_income, min_age, min_employment_duration, min_individual_income, target_occupation, loan_id) VALUES (24, false, true, true, 'NEWLY_MARRIED', null, null, null, null, 70, 19, null, null, 'OTHER', 17);
INSERT INTO billybangdb.loan_user_conditions (loan_usr_condition_id, allowed_for_another_loan, allowed_for_foreigner, for_first_home_buyer, for_target, max_age, max_employment_duration, max_individual_income, max_married_total_assets, max_married_total_income, min_age, min_employment_duration, min_individual_income, target_occupation, loan_id) VALUES (25, false, true, true, 'MULTIPLE_CHILDREN', null, null, null, null, 70, 19, null, null, 'OTHER', 17);
INSERT INTO billybangdb.loan_user_conditions (loan_usr_condition_id, allowed_for_another_loan, allowed_for_foreigner, for_first_home_buyer, for_target, max_age, max_employment_duration, max_individual_income, max_married_total_assets, max_married_total_income, min_age, min_employment_duration, min_individual_income, target_occupation, loan_id) VALUES (26, true, true, false, 'DEFAULT', null, null, null, null, null, null, null, null, 'PROFESSIONAL', 19);
INSERT INTO billybangdb.loan_user_conditions (loan_usr_condition_id, allowed_for_another_loan, allowed_for_foreigner, for_first_home_buyer, for_target, max_age, max_employment_duration, max_individual_income, max_married_total_assets, max_married_total_income, min_age, min_employment_duration, min_individual_income, target_occupation, loan_id) VALUES (27, true, true, false, 'DEFAULT', null, null, null, null, null, null, 6, 20, 'MEDICAL', 20);
INSERT INTO billybangdb.loan_user_conditions (loan_usr_condition_id, allowed_for_another_loan, allowed_for_foreigner, for_first_home_buyer, for_target, max_age, max_employment_duration, max_individual_income, max_married_total_assets, max_married_total_income, min_age, min_employment_duration, min_individual_income, target_occupation, loan_id) VALUES (28, true, true, false, 'DEFAULT', null, 3, null, null, null, null, null, null, 'PUBLIC', 21);
INSERT INTO billybangdb.loan_user_conditions (loan_usr_condition_id, allowed_for_another_loan, allowed_for_foreigner, for_first_home_buyer, for_target, max_age, max_employment_duration, max_individual_income, max_married_total_assets, max_married_total_income, min_age, min_employment_duration, min_individual_income, target_occupation, loan_id) VALUES (29, true, true, false, 'DEFAULT', null, null, null, null, null, null, 3, 30, 'FINANCIAL', 22);
INSERT INTO billybangdb.loan_user_conditions (loan_usr_condition_id, allowed_for_another_loan, allowed_for_foreigner, for_first_home_buyer, for_target, max_age, max_employment_duration, max_individual_income, max_married_total_assets, max_married_total_income, min_age, min_employment_duration, min_individual_income, target_occupation, loan_id) VALUES (30, true, true, false, 'DEFAULT', null, null, null, null, null, null, 12, null, 'GENERAL', 23);
INSERT INTO billybangdb.loan_user_conditions (loan_usr_condition_id, allowed_for_another_loan, allowed_for_foreigner, for_first_home_buyer, for_target, max_age, max_employment_duration, max_individual_income, max_married_total_assets, max_married_total_income, min_age, min_employment_duration, min_individual_income, target_occupation, loan_id) VALUES (31, true, true, false, 'DEFAULT', null, 12, null, null, null, null, 3, null, 'GENERAL', 24);
INSERT INTO billybangdb.loan_user_conditions (loan_usr_condition_id, allowed_for_another_loan, allowed_for_foreigner, for_first_home_buyer, for_target, max_age, max_employment_duration, max_individual_income, max_married_total_assets, max_married_total_income, min_age, min_employment_duration, min_individual_income, target_occupation, loan_id) VALUES (32, true, true, false, 'DEFAULT', null, null, null, null, null, null, 12, null, 'PUBLIC', 25);
INSERT INTO billybangdb.loan_user_conditions (loan_usr_condition_id, allowed_for_another_loan, allowed_for_foreigner, for_first_home_buyer, for_target, max_age, max_employment_duration, max_individual_income, max_married_total_assets, max_married_total_income, min_age, min_employment_duration, min_individual_income, target_occupation, loan_id) VALUES (33, true, true, false, 'DEFAULT', null, 12, null, null, null, null, 3, null, 'PUBLIC', 26);
INSERT INTO billybangdb.loan_user_conditions (loan_usr_condition_id, allowed_for_another_loan, allowed_for_foreigner, for_first_home_buyer, for_target, max_age, max_employment_duration, max_individual_income, max_married_total_assets, max_married_total_income, min_age, min_employment_duration, min_individual_income, target_occupation, loan_id) VALUES (34, true, true, false, 'DEFAULT', null, null, null, null, null, null, 12, null, 'FINANCIAL', 27);
INSERT INTO billybangdb.loan_user_conditions (loan_usr_condition_id, allowed_for_another_loan, allowed_for_foreigner, for_first_home_buyer, for_target, max_age, max_employment_duration, max_individual_income, max_married_total_assets, max_married_total_income, min_age, min_employment_duration, min_individual_income, target_occupation, loan_id) VALUES (35, true, true, false, 'DEFAULT', null, 12, null, null, null, null, 3, null, 'FINANCIAL', 28);
INSERT INTO billybangdb.loan_user_conditions (loan_usr_condition_id, allowed_for_another_loan, allowed_for_foreigner, for_first_home_buyer, for_target, max_age, max_employment_duration, max_individual_income, max_married_total_assets, max_married_total_income, min_age, min_employment_duration, min_individual_income, target_occupation, loan_id) VALUES (36, true, true, false, 'DEFAULT', null, null, null, null, null, null, 12, null, 'SOLDIER', 29);
INSERT INTO billybangdb.loan_user_conditions (loan_usr_condition_id, allowed_for_another_loan, allowed_for_foreigner, for_first_home_buyer, for_target, max_age, max_employment_duration, max_individual_income, max_married_total_assets, max_married_total_income, min_age, min_employment_duration, min_individual_income, target_occupation, loan_id) VALUES (37, true, true, false, 'DEFAULT', null, 12, null, null, null, null, null, null, 'SOLDIER', 30);
INSERT INTO billybangdb.loan_user_conditions (loan_usr_condition_id, allowed_for_another_loan, allowed_for_foreigner, for_first_home_buyer, for_target, max_age, max_employment_duration, max_individual_income, max_married_total_assets, max_married_total_income, min_age, min_employment_duration, min_individual_income, target_occupation, loan_id) VALUES (38, true, true, true, 'DEFAULT', null, null, null, null, null, 19, null, null, 'OTHER', 31);
INSERT INTO billybangdb.loan_user_conditions (loan_usr_condition_id, allowed_for_another_loan, allowed_for_foreigner, for_first_home_buyer, for_target, max_age, max_employment_duration, max_individual_income, max_married_total_assets, max_married_total_income, min_age, min_employment_duration, min_individual_income, target_occupation, loan_id) VALUES (39, true, true, true, 'NEWLY_MARRIED', null, null, null, null, null, 19, null, null, 'OTHER', 32);
INSERT INTO billybangdb.loan_user_conditions (loan_usr_condition_id, allowed_for_another_loan, allowed_for_foreigner, for_first_home_buyer, for_target, max_age, max_employment_duration, max_individual_income, max_married_total_assets, max_married_total_income, min_age, min_employment_duration, min_individual_income, target_occupation, loan_id) VALUES (40, true, true, true, 'MULTIPLE_CHILDREN', null, null, null, null, null, 19, null, null, 'OTHER', 33);
INSERT INTO billybangdb.loan_user_conditions (loan_usr_condition_id, allowed_for_another_loan, allowed_for_foreigner, for_first_home_buyer, for_target, max_age, max_employment_duration, max_individual_income, max_married_total_assets, max_married_total_income, min_age, min_employment_duration, min_individual_income, target_occupation, loan_id) VALUES (41, true, true, false, 'YOUTH', 34, null, null, null, 70, 19, null, null, 'OTHER', 34);
INSERT INTO billybangdb.loan_user_conditions (loan_usr_condition_id, allowed_for_another_loan, allowed_for_foreigner, for_first_home_buyer, for_target, max_age, max_employment_duration, max_individual_income, max_married_total_assets, max_married_total_income, min_age, min_employment_duration, min_individual_income, target_occupation, loan_id) VALUES (42, true, true, true, 'DEFAULT', null, null, null, null, 70, 19, null, null, 'OTHER', 35);
INSERT INTO billybangdb.loan_user_conditions (loan_usr_condition_id, allowed_for_another_loan, allowed_for_foreigner, for_first_home_buyer, for_target, max_age, max_employment_duration, max_individual_income, max_married_total_assets, max_married_total_income, min_age, min_employment_duration, min_individual_income, target_occupation, loan_id) VALUES (43, true, true, true, 'NEWLY_MARRIED', null, null, null, null, 85, 19, null, null, 'OTHER', 35);
INSERT INTO billybangdb.loan_user_conditions (loan_usr_condition_id, allowed_for_another_loan, allowed_for_foreigner, for_first_home_buyer, for_target, max_age, max_employment_duration, max_individual_income, max_married_total_assets, max_married_total_income, min_age, min_employment_duration, min_individual_income, target_occupation, loan_id) VALUES (44, true, true, true, 'MULTIPLE_CHILDREN', null, null, null, null, 100, 19, null, null, 'OTHER', 35);
INSERT INTO billybangdb.loan_user_conditions (loan_usr_condition_id, allowed_for_another_loan, allowed_for_foreigner, for_first_home_buyer, for_target, max_age, max_employment_duration, max_individual_income, max_married_total_assets, max_married_total_income, min_age, min_employment_duration, min_individual_income, target_occupation, loan_id) VALUES (45, false, false, false, 'DEFAULT', null, null, null, null, null, 34, null, null, 'OTHER', 36);
INSERT INTO billybangdb.loan_user_conditions (loan_usr_condition_id, allowed_for_another_loan, allowed_for_foreigner, for_first_home_buyer, for_target, max_age, max_employment_duration, max_individual_income, max_married_total_assets, max_married_total_income, min_age, min_employment_duration, min_individual_income, target_occupation, loan_id) VALUES (46, false, false, false, 'DEFAULT', 34, null, null, null, null, 19, null, null, 'OTHER', 37);
INSERT INTO billybangdb.loan_user_conditions (loan_usr_condition_id, allowed_for_another_loan, allowed_for_foreigner, for_first_home_buyer, for_target, max_age, max_employment_duration, max_individual_income, max_married_total_assets, max_married_total_income, min_age, min_employment_duration, min_individual_income, target_occupation, loan_id) VALUES (47, true, true, true, 'YOUTH', 34, null, null, null, 70, 19, null, null, 'OTHER', 38);
INSERT INTO billybangdb.loan_user_conditions (loan_usr_condition_id, allowed_for_another_loan, allowed_for_foreigner, for_first_home_buyer, for_target, max_age, max_employment_duration, max_individual_income, max_married_total_assets, max_married_total_income, min_age, min_employment_duration, min_individual_income, target_occupation, loan_id) VALUES (48, true, true, false, 'DEFAULT', null, null, null, null, null, 19, null, null, 'OTHER', 39);
INSERT INTO billybangdb.loan_user_conditions (loan_usr_condition_id, allowed_for_another_loan, allowed_for_foreigner, for_first_home_buyer, for_target, max_age, max_employment_duration, max_individual_income, max_married_total_assets, max_married_total_income, min_age, min_employment_duration, min_individual_income, target_occupation, loan_id) VALUES (49, true, true, false, 'DEFAULT', null, null, null, null, null, 19, null, null, 'OTHER', 40);
INSERT INTO billybangdb.loan_user_conditions (loan_usr_condition_id, allowed_for_another_loan, allowed_for_foreigner, for_first_home_buyer, for_target, max_age, max_employment_duration, max_individual_income, max_married_total_assets, max_married_total_income, min_age, min_employment_duration, min_individual_income, target_occupation, loan_id) VALUES (50, true, true, true, 'DEFAULT', null, null, null, null, null, 19, null, null, 'OTHER', 41);
INSERT INTO billybangdb.loan_user_conditions (loan_usr_condition_id, allowed_for_another_loan, allowed_for_foreigner, for_first_home_buyer, for_target, max_age, max_employment_duration, max_individual_income, max_married_total_assets, max_married_total_income, min_age, min_employment_duration, min_individual_income, target_occupation, loan_id) VALUES (51, true, true, true, 'DEFAULT', null, null, null, null, 70, null, null, null, 'OTHER', 42);
INSERT INTO billybangdb.loan_user_conditions (loan_usr_condition_id, allowed_for_another_loan, allowed_for_foreigner, for_first_home_buyer, for_target, max_age, max_employment_duration, max_individual_income, max_married_total_assets, max_married_total_income, min_age, min_employment_duration, min_individual_income, target_occupation, loan_id) VALUES (52, true, true, true, 'DEFAULT', null, null, null, null, null, null, null, null, 'OTHER', 43);
INSERT INTO billybangdb.loan_user_conditions (loan_usr_condition_id, allowed_for_another_loan, allowed_for_foreigner, for_first_home_buyer, for_target, max_age, max_employment_duration, max_individual_income, max_married_total_assets, max_married_total_income, min_age, min_employment_duration, min_individual_income, target_occupation, loan_id) VALUES (53, true, true, false, 'YOUTH', 34, 12, 35, null, null, 19, null, null, 'OTHER', 44);
INSERT INTO billybangdb.loan_user_conditions (loan_usr_condition_id, allowed_for_another_loan, allowed_for_foreigner, for_first_home_buyer, for_target, max_age, max_employment_duration, max_individual_income, max_married_total_assets, max_married_total_income, min_age, min_employment_duration, min_individual_income, target_occupation, loan_id) VALUES (54, true, true, false, 'DEFAULT', null, null, null, null, null, null, 6, null, 'GENERAL', 45);
INSERT INTO billybangdb.loan_user_conditions (loan_usr_condition_id, allowed_for_another_loan, allowed_for_foreigner, for_first_home_buyer, for_target, max_age, max_employment_duration, max_individual_income, max_married_total_assets, max_married_total_income, min_age, min_employment_duration, min_individual_income, target_occupation, loan_id) VALUES (55, true, true, true, 'DEFAULT', null, null, null, null, null, null, null, null, 'PROFESSIONAL', 46);
INSERT INTO billybangdb.loan_user_conditions (loan_usr_condition_id, allowed_for_another_loan, allowed_for_foreigner, for_first_home_buyer, for_target, max_age, max_employment_duration, max_individual_income, max_married_total_assets, max_married_total_income, min_age, min_employment_duration, min_individual_income, target_occupation, loan_id) VALUES (56, true, true, false, 'DEFAULT', 34, null, null, null, null, 19, null, null, 'GENERAL', 47);
INSERT INTO billybangdb.loan_user_conditions (loan_usr_condition_id, allowed_for_another_loan, allowed_for_foreigner, for_first_home_buyer, for_target, max_age, max_employment_duration, max_individual_income, max_married_total_assets, max_married_total_income, min_age, min_employment_duration, min_individual_income, target_occupation, loan_id) VALUES (57, true, false, false, 'DEFAULT', null, null, null, null, null, 19, 12, 28, 'GENERAL', 48);
INSERT INTO billybangdb.loan_user_conditions (loan_usr_condition_id, allowed_for_another_loan, allowed_for_foreigner, for_first_home_buyer, for_target, max_age, max_employment_duration, max_individual_income, max_married_total_assets, max_married_total_income, min_age, min_employment_duration, min_individual_income, target_occupation, loan_id) VALUES (58, true, false, false, 'DEFAULT', null, null, null, null, null, 19, 12, 28, 'GENERAL', 49);
INSERT INTO billybangdb.loan_user_conditions (loan_usr_condition_id, allowed_for_another_loan, allowed_for_foreigner, for_first_home_buyer, for_target, max_age, max_employment_duration, max_individual_income, max_married_total_assets, max_married_total_income, min_age, min_employment_duration, min_individual_income, target_occupation, loan_id) VALUES (59, true, true, false, 'DEFAULT', null, null, null, null, null, null, null, null, 'PROFESSIONAL', 50);
INSERT INTO billybangdb.loan_user_conditions (loan_usr_condition_id, allowed_for_another_loan, allowed_for_foreigner, for_first_home_buyer, for_target, max_age, max_employment_duration, max_individual_income, max_married_total_assets, max_married_total_income, min_age, min_employment_duration, min_individual_income, target_occupation, loan_id) VALUES (60, true, true, false, 'DEFAULT', null, null, null, null, null, 19, 4, null, 'PUBLIC', 51);
INSERT INTO billybangdb.loan_user_conditions (loan_usr_condition_id, allowed_for_another_loan, allowed_for_foreigner, for_first_home_buyer, for_target, max_age, max_employment_duration, max_individual_income, max_married_total_assets, max_married_total_income, min_age, min_employment_duration, min_individual_income, target_occupation, loan_id) VALUES (61, true, true, false, 'DEFAULT', null, null, null, null, null, 19, 4, null, 'PUBLIC', 52);
INSERT INTO billybangdb.loan_user_conditions (loan_usr_condition_id, allowed_for_another_loan, allowed_for_foreigner, for_first_home_buyer, for_target, max_age, max_employment_duration, max_individual_income, max_married_total_assets, max_married_total_income, min_age, min_employment_duration, min_individual_income, target_occupation, loan_id) VALUES (62, true, true, false, 'DEFAULT', null, null, null, null, null, 19, 4, null, 'SOLDIER', 53);
INSERT INTO billybangdb.loan_user_conditions (loan_usr_condition_id, allowed_for_another_loan, allowed_for_foreigner, for_first_home_buyer, for_target, max_age, max_employment_duration, max_individual_income, max_married_total_assets, max_married_total_income, min_age, min_employment_duration, min_individual_income, target_occupation, loan_id) VALUES (63, true, true, true, 'DEFAULT', null, null, null, null, 50, 19, null, null, 'OTHER', 54);
INSERT INTO billybangdb.loan_user_conditions (loan_usr_condition_id, allowed_for_another_loan, allowed_for_foreigner, for_first_home_buyer, for_target, max_age, max_employment_duration, max_individual_income, max_married_total_assets, max_married_total_income, min_age, min_employment_duration, min_individual_income, target_occupation, loan_id) VALUES (64, true, true, true, 'DEFAULT', null, null, null, null, null, null, 3, null, 'OTHER', 55);
INSERT INTO billybangdb.loan_user_conditions (loan_usr_condition_id, allowed_for_another_loan, allowed_for_foreigner, for_first_home_buyer, for_target, max_age, max_employment_duration, max_individual_income, max_married_total_assets, max_married_total_income, min_age, min_employment_duration, min_individual_income, target_occupation, loan_id) VALUES (65, true, true, true, 'DEFAULT', null, null, null, null, null, null, 12, null, 'OTHER', 56);
INSERT INTO billybangdb.loan_user_conditions (loan_usr_condition_id, allowed_for_another_loan, allowed_for_foreigner, for_first_home_buyer, for_target, max_age, max_employment_duration, max_individual_income, max_married_total_assets, max_married_total_income, min_age, min_employment_duration, min_individual_income, target_occupation, loan_id) VALUES (66, true, false, true, 'DEFAULT', null, null, null, null, null, 19, null, null, 'OTHER', 57);
INSERT INTO billybangdb.loan_user_conditions (loan_usr_condition_id, allowed_for_another_loan, allowed_for_foreigner, for_first_home_buyer, for_target, max_age, max_employment_duration, max_individual_income, max_married_total_assets, max_married_total_income, min_age, min_employment_duration, min_individual_income, target_occupation, loan_id) VALUES (67, true, true, true, 'DEFAULT', null, null, null, null, 70, null, null, null, 'OTHER', 58);
INSERT INTO billybangdb.loan_user_conditions (loan_usr_condition_id, allowed_for_another_loan, allowed_for_foreigner, for_first_home_buyer, for_target, max_age, max_employment_duration, max_individual_income, max_married_total_assets, max_married_total_income, min_age, min_employment_duration, min_individual_income, target_occupation, loan_id) VALUES (68, true, true, true, 'NEWLY_MARRIED', null, null, null, null, 85, null, null, null, 'OTHER', 58);
INSERT INTO billybangdb.loan_user_conditions (loan_usr_condition_id, allowed_for_another_loan, allowed_for_foreigner, for_first_home_buyer, for_target, max_age, max_employment_duration, max_individual_income, max_married_total_assets, max_married_total_income, min_age, min_employment_duration, min_individual_income, target_occupation, loan_id) VALUES (69, true, true, true, 'MULTIPLE_CHILDREN', null, null, null, null, 100, null, null, null, 'OTHER', 58);
INSERT INTO billybangdb.loan_user_conditions (loan_usr_condition_id, allowed_for_another_loan, allowed_for_foreigner, for_first_home_buyer, for_target, max_age, max_employment_duration, max_individual_income, max_married_total_assets, max_married_total_income, min_age, min_employment_duration, min_individual_income, target_occupation, loan_id) VALUES (70, true, false, false, 'DEFAULT', null, null, null, null, null, 19, null, null, 'OTHER', 59);
INSERT INTO billybangdb.loan_user_conditions (loan_usr_condition_id, allowed_for_another_loan, allowed_for_foreigner, for_first_home_buyer, for_target, max_age, max_employment_duration, max_individual_income, max_married_total_assets, max_married_total_income, min_age, min_employment_duration, min_individual_income, target_occupation, loan_id) VALUES (71, true, true, true, 'DEFAULT', null, null, null, null, 60, 19, null, null, 'OTHER', 60);
INSERT INTO billybangdb.loan_user_conditions (loan_usr_condition_id, allowed_for_another_loan, allowed_for_foreigner, for_first_home_buyer, for_target, max_age, max_employment_duration, max_individual_income, max_married_total_assets, max_married_total_income, min_age, min_employment_duration, min_individual_income, target_occupation, loan_id) VALUES (72, true, true, true, 'NEWLY_MARRIED', null, null, null, null, 85, 19, null, null, 'OTHER', 60);
INSERT INTO billybangdb.loan_user_conditions (loan_usr_condition_id, allowed_for_another_loan, allowed_for_foreigner, for_first_home_buyer, for_target, max_age, max_employment_duration, max_individual_income, max_married_total_assets, max_married_total_income, min_age, min_employment_duration, min_individual_income, target_occupation, loan_id) VALUES (73, true, true, true, 'MULTIPLE_CHILDREN', null, null, null, null, 70, 19, null, null, 'OTHER', 60);
INSERT INTO billybangdb.loan_user_conditions (loan_usr_condition_id, allowed_for_another_loan, allowed_for_foreigner, for_first_home_buyer, for_target, max_age, max_employment_duration, max_individual_income, max_married_total_assets, max_married_total_income, min_age, min_employment_duration, min_individual_income, target_occupation, loan_id) VALUES (74, true, false, false, 'DEFAULT', null, null, null, null, null, null, 6, null, 'GENERAL', 61);
INSERT INTO billybangdb.loan_user_conditions (loan_usr_condition_id, allowed_for_another_loan, allowed_for_foreigner, for_first_home_buyer, for_target, max_age, max_employment_duration, max_individual_income, max_married_total_assets, max_married_total_income, min_age, min_employment_duration, min_individual_income, target_occupation, loan_id) VALUES (75, true, false, false, 'DEFAULT', null, null, null, null, null, null, null, null, 'PUBLIC', 62);
INSERT INTO billybangdb.loan_user_conditions (loan_usr_condition_id, allowed_for_another_loan, allowed_for_foreigner, for_first_home_buyer, for_target, max_age, max_employment_duration, max_individual_income, max_married_total_assets, max_married_total_income, min_age, min_employment_duration, min_individual_income, target_occupation, loan_id) VALUES (76, true, true, false, 'DEFAULT', null, null, null, null, null, null, null, null, 'MEDICAL', 63);
INSERT INTO billybangdb.loan_user_conditions (loan_usr_condition_id, allowed_for_another_loan, allowed_for_foreigner, for_first_home_buyer, for_target, max_age, max_employment_duration, max_individual_income, max_married_total_assets, max_married_total_income, min_age, min_employment_duration, min_individual_income, target_occupation, loan_id) VALUES (77, true, true, false, 'DEFAULT', null, null, null, null, null, null, null, null, 'LEGAL', 64);
INSERT INTO billybangdb.loan_user_conditions (loan_usr_condition_id, allowed_for_another_loan, allowed_for_foreigner, for_first_home_buyer, for_target, max_age, max_employment_duration, max_individual_income, max_married_total_assets, max_married_total_income, min_age, min_employment_duration, min_individual_income, target_occupation, loan_id) VALUES (78, true, true, false, 'DEFAULT', null, null, null, null, null, null, null, null, 'PROFESSIONAL', 65);
INSERT INTO billybangdb.loan_user_conditions (loan_usr_condition_id, allowed_for_another_loan, allowed_for_foreigner, for_first_home_buyer, for_target, max_age, max_employment_duration, max_individual_income, max_married_total_assets, max_married_total_income, min_age, min_employment_duration, min_individual_income, target_occupation, loan_id) VALUES (79, false, true, true, 'DEFAULT', null, null, null, 345, 50, 19, null, null, 'OTHER', 66);
INSERT INTO billybangdb.loan_user_conditions (loan_usr_condition_id, allowed_for_another_loan, allowed_for_foreigner, for_first_home_buyer, for_target, max_age, max_employment_duration, max_individual_income, max_married_total_assets, max_married_total_income, min_age, min_employment_duration, min_individual_income, target_occupation, loan_id) VALUES (80, false, true, true, 'MULTIPLE_CHILDREN', null, null, null, 345, 60, 19, null, null, 'OTHER', 66);
INSERT INTO billybangdb.loan_user_conditions (loan_usr_condition_id, allowed_for_another_loan, allowed_for_foreigner, for_first_home_buyer, for_target, max_age, max_employment_duration, max_individual_income, max_married_total_assets, max_married_total_income, min_age, min_employment_duration, min_individual_income, target_occupation, loan_id) VALUES (81, false, true, true, 'NEWLY_MARRIED', null, null, null, 345, 75, 19, null, null, 'OTHER', 66);
INSERT INTO billybangdb.loan_user_conditions (loan_usr_condition_id, allowed_for_another_loan, allowed_for_foreigner, for_first_home_buyer, for_target, max_age, max_employment_duration, max_individual_income, max_married_total_assets, max_married_total_income, min_age, min_employment_duration, min_individual_income, target_occupation, loan_id) VALUES (82, true, true, true, 'DEFAULT', null, null, null, null, null, 19, null, null, 'OTHER', 67);
INSERT INTO billybangdb.loan_user_conditions (loan_usr_condition_id, allowed_for_another_loan, allowed_for_foreigner, for_first_home_buyer, for_target, max_age, max_employment_duration, max_individual_income, max_married_total_assets, max_married_total_income, min_age, min_employment_duration, min_individual_income, target_occupation, loan_id) VALUES (83, true, true, true, 'DEFAULT', null, null, 60, null, null, 19, null, null, 'OTHER', 68);
INSERT INTO billybangdb.loan_user_conditions (loan_usr_condition_id, allowed_for_another_loan, allowed_for_foreigner, for_first_home_buyer, for_target, max_age, max_employment_duration, max_individual_income, max_married_total_assets, max_married_total_income, min_age, min_employment_duration, min_individual_income, target_occupation, loan_id) VALUES (84, true, true, true, 'MULTIPLE_CHILDREN', null, null, 70, null, null, 19, null, null, 'OTHER', 68);
INSERT INTO billybangdb.loan_user_conditions (loan_usr_condition_id, allowed_for_another_loan, allowed_for_foreigner, for_first_home_buyer, for_target, max_age, max_employment_duration, max_individual_income, max_married_total_assets, max_married_total_income, min_age, min_employment_duration, min_individual_income, target_occupation, loan_id) VALUES (85, true, true, true, 'NEWLY_MARRIED', null, null, 85, null, null, 19, null, null, 'OTHER', 68);

INSERT INTO billybangdb.loan_property_conditions (loan_property_condition_id, for_target, max_home_price, max_home_size, loan_id) VALUES (1, 'DEFAULT', 65, 60, 1);
INSERT INTO billybangdb.loan_property_conditions (loan_property_condition_id, for_target, max_home_price, max_home_size, loan_id) VALUES (2, 'DEFAULT', 700, null, 2);
INSERT INTO billybangdb.loan_property_conditions (loan_property_condition_id, for_target, max_home_price, max_home_size, loan_id) VALUES (3, 'DEFAULT', 700, null, 3);
INSERT INTO billybangdb.loan_property_conditions (loan_property_condition_id, for_target, max_home_price, max_home_size, loan_id) VALUES (4, 'YOUTH', 700, null, 4);
INSERT INTO billybangdb.loan_property_conditions (loan_property_condition_id, for_target, max_home_price, max_home_size, loan_id) VALUES (5, 'DEFAULT', 300, 85, 5);
INSERT INTO billybangdb.loan_property_conditions (loan_property_condition_id, for_target, max_home_price, max_home_size, loan_id) VALUES (6, 'MULTIPLE_CHILDREN', 400, 85, 5);
INSERT INTO billybangdb.loan_property_conditions (loan_property_condition_id, for_target, max_home_price, max_home_size, loan_id) VALUES (7, 'NEWLY_MARRIED', 400, 85, 5);
INSERT INTO billybangdb.loan_property_conditions (loan_property_condition_id, for_target, max_home_price, max_home_size, loan_id) VALUES (8, 'YOUTH', 300, 85, 6);
INSERT INTO billybangdb.loan_property_conditions (loan_property_condition_id, for_target, max_home_price, max_home_size, loan_id) VALUES (9, 'NEWLY_MARRIED', 400, 85, 7);
INSERT INTO billybangdb.loan_property_conditions (loan_property_condition_id, for_target, max_home_price, max_home_size, loan_id) VALUES (10, 'DEFAULT', 600, null, 9);
INSERT INTO billybangdb.loan_property_conditions (loan_property_condition_id, for_target, max_home_price, max_home_size, loan_id) VALUES (11, 'DEFAULT', 500, 85, 10);
INSERT INTO billybangdb.loan_property_conditions (loan_property_condition_id, for_target, max_home_price, max_home_size, loan_id) VALUES (12, 'NEWLY_MARRIED', 600, 85, 10);
INSERT INTO billybangdb.loan_property_conditions (loan_property_condition_id, for_target, max_home_price, max_home_size, loan_id) VALUES (13, 'MULTIPLE_CHILDREN', 600, 85, 10);
INSERT INTO billybangdb.loan_property_conditions (loan_property_condition_id, for_target, max_home_price, max_home_size, loan_id) VALUES (14, 'DEFAULT', 700, null, 13);
INSERT INTO billybangdb.loan_property_conditions (loan_property_condition_id, for_target, max_home_price, max_home_size, loan_id) VALUES (15, 'DEFAULT', 400, null, 14);
INSERT INTO billybangdb.loan_property_conditions (loan_property_condition_id, for_target, max_home_price, max_home_size, loan_id) VALUES (16, 'DEFAULT', 500, 85, 17);
INSERT INTO billybangdb.loan_property_conditions (loan_property_condition_id, for_target, max_home_price, max_home_size, loan_id) VALUES (17, 'NEWLY_MARRIED', 600, 85, 17);
INSERT INTO billybangdb.loan_property_conditions (loan_property_condition_id, for_target, max_home_price, max_home_size, loan_id) VALUES (18, 'MULTIPLE_CHILDREN', 600, 85, 17);
INSERT INTO billybangdb.loan_property_conditions (loan_property_condition_id, for_target, max_home_price, max_home_size, loan_id) VALUES (19, 'DEFAULT', 700, null, 31);
INSERT INTO billybangdb.loan_property_conditions (loan_property_condition_id, for_target, max_home_price, max_home_size, loan_id) VALUES (20, 'NEWLY_MARRIED', 700, null, 32);
INSERT INTO billybangdb.loan_property_conditions (loan_property_condition_id, for_target, max_home_price, max_home_size, loan_id) VALUES (21, 'MULTIPLE_CHILDREN', 700, null, 33);
INSERT INTO billybangdb.loan_property_conditions (loan_property_condition_id, for_target, max_home_price, max_home_size, loan_id) VALUES (22, 'YOUTH', 700, null, 34);
INSERT INTO billybangdb.loan_property_conditions (loan_property_condition_id, for_target, max_home_price, max_home_size, loan_id) VALUES (23, 'DEFAULT', 700, null, 39);
INSERT INTO billybangdb.loan_property_conditions (loan_property_condition_id, for_target, max_home_price, max_home_size, loan_id) VALUES (24, 'DEFAULT', 700, null, 40);
INSERT INTO billybangdb.loan_property_conditions (loan_property_condition_id, for_target, max_home_price, max_home_size, loan_id) VALUES (25, 'DEFAULT', 700, null, 41);
INSERT INTO billybangdb.loan_property_conditions (loan_property_condition_id, for_target, max_home_price, max_home_size, loan_id) VALUES (26, 'DEFAULT', 600, null, 42);
INSERT INTO billybangdb.loan_property_conditions (loan_property_condition_id, for_target, max_home_price, max_home_size, loan_id) VALUES (27, 'DEFAULT', 300, 85, 54);
INSERT INTO billybangdb.loan_property_conditions (loan_property_condition_id, for_target, max_home_price, max_home_size, loan_id) VALUES (28, 'NEWLY_MARRIED', 400, 85, 54);
INSERT INTO billybangdb.loan_property_conditions (loan_property_condition_id, for_target, max_home_price, max_home_size, loan_id) VALUES (29, 'DEFAULT', 700, null, 56);
INSERT INTO billybangdb.loan_property_conditions (loan_property_condition_id, for_target, max_home_price, max_home_size, loan_id) VALUES (30, 'DEFAULT', 700, null, 57);
INSERT INTO billybangdb.loan_property_conditions (loan_property_condition_id, for_target, max_home_price, max_home_size, loan_id) VALUES (31, 'DEFAULT', 600, null, 58);
INSERT INTO billybangdb.loan_property_conditions (loan_property_condition_id, for_target, max_home_price, max_home_size, loan_id) VALUES (32, 'DEFAULT', 500, 85, 60);
INSERT INTO billybangdb.loan_property_conditions (loan_property_condition_id, for_target, max_home_price, max_home_size, loan_id) VALUES (33, 'NEWLY_MARRIED', 600, 85, 60);
INSERT INTO billybangdb.loan_property_conditions (loan_property_condition_id, for_target, max_home_price, max_home_size, loan_id) VALUES (34, 'MULTIPLE_CHILDREN', 600, 85, 60);
INSERT INTO billybangdb.loan_property_conditions (loan_property_condition_id, for_target, max_home_price, max_home_size, loan_id) VALUES (35, 'DEFAULT', 300, 85, 66);
INSERT INTO billybangdb.loan_property_conditions (loan_property_condition_id, for_target, max_home_price, max_home_size, loan_id) VALUES (36, 'MULTIPLE_CHILDREN', 400, 85, 66);
INSERT INTO billybangdb.loan_property_conditions (loan_property_condition_id, for_target, max_home_price, max_home_size, loan_id) VALUES (37, 'NEWLY_MARRIED', 400, 85, 66);
INSERT INTO billybangdb.loan_property_conditions (loan_property_condition_id, for_target, max_home_price, max_home_size, loan_id) VALUES (38, 'DEFAULT', 700, null, 67);
INSERT INTO billybangdb.loan_property_conditions (loan_property_condition_id, for_target, max_home_price, max_home_size, loan_id) VALUES (39, 'DEFAULT', 500, 85, 68);
INSERT INTO billybangdb.loan_property_conditions (loan_property_condition_id, for_target, max_home_price, max_home_size, loan_id) VALUES (40, 'MULTIPLE_CHILDREN', 600, 85, 68);
INSERT INTO billybangdb.loan_property_conditions (loan_property_condition_id, for_target, max_home_price, max_home_size, loan_id) VALUES (41, 'NEWLY_MARRIED', 600, 85, 68);

INSERT INTO billybangdb.loan_preferred_items (loan_preferred_item_id, item_type, loan_limit, loan_id) VALUES (1, 'YOUTH', null, 4);
INSERT INTO billybangdb.loan_preferred_items (loan_preferred_item_id, item_type, loan_limit, loan_id) VALUES (2, 'NEWLY_MARRIED', 300, 5);
INSERT INTO billybangdb.loan_preferred_items (loan_preferred_item_id, item_type, loan_limit, loan_id) VALUES (3, 'MULTIPLE_CHILDREN', 300, 5);
INSERT INTO billybangdb.loan_preferred_items (loan_preferred_item_id, item_type, loan_limit, loan_id) VALUES (4, 'YOUTH', null, 6);
INSERT INTO billybangdb.loan_preferred_items (loan_preferred_item_id, item_type, loan_limit, loan_id) VALUES (5, 'NEWLY_MARRIED', null, 7);
INSERT INTO billybangdb.loan_preferred_items (loan_preferred_item_id, item_type, loan_limit, loan_id) VALUES (6, 'NEWLY_MARRIED', null, 9);
INSERT INTO billybangdb.loan_preferred_items (loan_preferred_item_id, item_type, loan_limit, loan_id) VALUES (7, 'MULTIPLE_CHILDREN', null, 9);
INSERT INTO billybangdb.loan_preferred_items (loan_preferred_item_id, item_type, loan_limit, loan_id) VALUES (8, 'NEWLY_MARRIED', 400, 10);
INSERT INTO billybangdb.loan_preferred_items (loan_preferred_item_id, item_type, loan_limit, loan_id) VALUES (9, 'MULTIPLE_CHILDREN', 400, 10);
INSERT INTO billybangdb.loan_preferred_items (loan_preferred_item_id, item_type, loan_limit, loan_id) VALUES (10, 'NEWLY_MARRIED', 300, 15);
INSERT INTO billybangdb.loan_preferred_items (loan_preferred_item_id, item_type, loan_limit, loan_id) VALUES (11, 'MULTIPLE_CHILDREN', 220, 15);
INSERT INTO billybangdb.loan_preferred_items (loan_preferred_item_id, item_type, loan_limit, loan_id) VALUES (12, 'YOUTH', 200, 15);
INSERT INTO billybangdb.loan_preferred_items (loan_preferred_item_id, item_type, loan_limit, loan_id) VALUES (13, 'MEDIUM_SIZED', 100, 15);
INSERT INTO billybangdb.loan_preferred_items (loan_preferred_item_id, item_type, loan_limit, loan_id) VALUES (14, 'NEWLY_MARRIED', 400, 17);
INSERT INTO billybangdb.loan_preferred_items (loan_preferred_item_id, item_type, loan_limit, loan_id) VALUES (15, 'MULTIPLE_CHILDREN', 400, 17);
INSERT INTO billybangdb.loan_preferred_items (loan_preferred_item_id, item_type, loan_limit, loan_id) VALUES (16, 'NEWLY_MARRIED', null, 32);
INSERT INTO billybangdb.loan_preferred_items (loan_preferred_item_id, item_type, loan_limit, loan_id) VALUES (17, 'MULTIPLE_CHILDREN', null, 33);
INSERT INTO billybangdb.loan_preferred_items (loan_preferred_item_id, item_type, loan_limit, loan_id) VALUES (18, 'YOUTH', null, 34);
INSERT INTO billybangdb.loan_preferred_items (loan_preferred_item_id, item_type, loan_limit, loan_id) VALUES (19, 'MULTIPLE_CHILDREN', 400, 35);
INSERT INTO billybangdb.loan_preferred_items (loan_preferred_item_id, item_type, loan_limit, loan_id) VALUES (20, 'MULTIPLE_CHILDREN', 400, 42);
INSERT INTO billybangdb.loan_preferred_items (loan_preferred_item_id, item_type, loan_limit, loan_id) VALUES (21, 'NEWLY_MARRIED', 300, 54);
INSERT INTO billybangdb.loan_preferred_items (loan_preferred_item_id, item_type, loan_limit, loan_id) VALUES (22, 'MULTIPLE_CHILDREN', 300, 54);
INSERT INTO billybangdb.loan_preferred_items (loan_preferred_item_id, item_type, loan_limit, loan_id) VALUES (23, 'YOUTH', 200, 54);
INSERT INTO billybangdb.loan_preferred_items (loan_preferred_item_id, item_type, loan_limit, loan_id) VALUES (24, 'MULTIPLE_CHILDREN', 400, 58);
INSERT INTO billybangdb.loan_preferred_items (loan_preferred_item_id, item_type, loan_limit, loan_id) VALUES (25, 'NEWLY_MARRIED', 400, 60);
INSERT INTO billybangdb.loan_preferred_items (loan_preferred_item_id, item_type, loan_limit, loan_id) VALUES (26, 'MULTIPLE_CHILDREN', 400, 60);
INSERT INTO billybangdb.loan_preferred_items (loan_preferred_item_id, item_type, loan_limit, loan_id) VALUES (27, 'NEWLY_MARRIED', 300, 66);
INSERT INTO billybangdb.loan_preferred_items (loan_preferred_item_id, item_type, loan_limit, loan_id) VALUES (28, 'MULTIPLE_CHILDREN', 300, 66);
INSERT INTO billybangdb.loan_preferred_items (loan_preferred_item_id, item_type, loan_limit, loan_id) VALUES (29, 'YOUTH', 200, 66);
INSERT INTO billybangdb.loan_preferred_items (loan_preferred_item_id, item_type, loan_limit, loan_id) VALUES (30, 'NEWLY_MARRIED', 400, 68);
INSERT INTO billybangdb.loan_preferred_items (loan_preferred_item_id, item_type, loan_limit, loan_id) VALUES (31, 'MULTIPLE_CHILDREN', 400, 68);

INSERT INTO billybangdb.starred_loans (starred_loan_id, user_id, loan_id) VALUES (2, 3, 1);
INSERT INTO billybangdb.starred_loans (starred_loan_id, user_id, loan_id) VALUES (3, 2, 2);
INSERT INTO billybangdb.starred_loans (starred_loan_id, user_id, loan_id) VALUES (4, 2, 3);
INSERT INTO billybangdb.starred_loans (starred_loan_id, user_id, loan_id) VALUES (5, 2, 66);
